PDB_ID	Receptor_Uniprot_AC	Receptor_Gene_name	Receptor_Uniprot_ID	Receptor_Chain	Gprotein_Uniprot_AC	Gprotein_Gene_name	Gprotein_Uniprot_ID	Gprotein_chain	Receptor_organism	Gprotein_organism	Contacts	Receptor_residues	Gprotein_residues	Receptor_coverage	Gprotein_coverage	Resolution	Antibody	Promiscuous	Class
7mbx	P32238	CCKAR	CCKAR_HUMAN	R	P63092	GNAS	GNAS2_HUMAN	A	HUMAN	HUMAN	58	292	240	0.6822429906542056	0.6091370558375635	1.95	nanobody35	Yes	classA
6x19	P43220	GLP1R	GLP1R_HUMAN	R	P63092	GNAS	GNAS2_HUMAN	A	HUMAN	HUMAN	45	387	350	0.8358531317494601	0.8883248730964467	2.1	nanobody35	No	classB1
7tyf	P30988	CALCR	CALCR_HUMAN	R	P63092	GNAS	GNAS2_HUMAN	A	HUMAN	HUMAN	47	367	228	0.7742616033755274	0.5786802030456852	2.2	nanobody 35	Yes	classB1
6wzg	P47872	SCTR	SCTR_HUMAN	R	P63092	GNAS	GNAS2_HUMAN	A	HUMAN	HUMAN	45	379	240	0.8613636363636363	0.6091370558375635	2.3	nanobody35	No	classB1
6uva	Q16602	CALCRL	CALRL_HUMAN	R	P63092	GNAS	GNAS2_HUMAN	A	HUMAN	HUMAN	42	344	190	0.7462039045553145	0.482233502538071	2.3	nanobody 35	No	classB1
7ejx	Q9GZN0	GPR88	GPR88_HUMAN	R	P63096	GNAI1	GNAI1_HUMAN	A	HUMAN	HUMAN	51	229	216	0.5963541666666666	0.6101694915254238	2.4	scfv16	No	classA
7s8m	Q96LB1	MRGPRX2	MRGX2_HUMAN	R	P63096	GNAI1	GNAI1_HUMAN	B	HUMAN	HUMAN	60	253	218	0.7666666666666667	0.615819209039548	2.54	scfv16	Yes	classA
7piu	P32245	MC4R	MC4R_HUMAN	R	P63092	GNAS	GNAS2_HUMAN	A	HUMAN	HUMAN	67	259	189	0.7801204819277109	0.4796954314720812	2.58	camelid antibody fragment - nanobody 35	Yes	classA
7vl9	P32246	CCR1	CCR1_HUMAN	R	P63096	GNAI1	GNAI1_HUMAN	A	HUMAN	HUMAN	55	302	218	0.8507042253521127	0.615819209039548	2.6	scfv16	No	classA
7td4	P21453	S1PR1	S1PR1_HUMAN	R	B2RSH2	GNAI1	GNAI1_MOUSE	A	HUMAN	MOUSE	65	290	222	0.7591623036649214	0.6271186440677966	2.6	No	Yes	classA
7jjo	P07700	ADRB1	ADRB1_MELGA	R	P04896	GNAS	GNAS2_BOVIN	A	MELGA	BOVIN	48	279	200	0.577639751552795	0.5076142131979695	2.6	nanobody 35	Yes	classA
7dw9	P30518	AVPR2	V2R_HUMAN	R	P63092	GNAS	GNAS2_HUMAN	A	HUMAN	HUMAN	45	278	215	0.7493261455525606	0.5456852791878173	2.6	nanobody35	Yes	classA
7na7	Q92847	GHSR	GHSR_HUMAN	R	P63096	GNAI1	GNAI1_HUMAN	A	HUMAN	HUMAN	54	291	217	0.7950819672131147	0.6129943502824858	2.7	antibody fragment	Yes	classA
7wq3	P47211	GALR1	GALR1_HUMAN	R	P63096	GNAI1	GNAI1_HUMAN	A	HUMAN	HUMAN	69	289	225	0.828080229226361	0.635593220338983	2.7	scfv16	No	classA
7wig	P30874	SSTR2	SSR2_HUMAN	R	P63096	GNAI1	GNAI1_HUMAN	A	HUMAN	HUMAN	66	283	225	0.7669376693766937	0.635593220338983	2.7	single fab chain (svfv16)	Yes	classA
7cmv	P35462	DRD3	DRD3_HUMAN	R	P63096	GNAI1	GNAI1_HUMAN	A	HUMAN	HUMAN	53	272	225	0.68	0.635593220338983	2.7	scfv16	No	classA
7f4h	Q01726	MC1R	MSHR_HUMAN	R	P63092	GNAS	GNAS2_HUMAN	A	HUMAN	HUMAN	72	267	214	0.8422712933753943	0.5431472081218274	2.7	nanobody 35	No	classA
7vqx	P41587	VIPR2	VIPR2_HUMAN	R	P04896	GNAS	GNAS2_BOVIN	A	HUMAN	BOVIN	33	361	237	0.8242009132420092	0.6015228426395939	2.74	nanobody-35	No	classB1
7f16	P49190	PTH2R	PTH2R_HUMAN	R	P63092	GNAS	GNAS2_HUMAN	A	HUMAN	HUMAN	46	376	230	0.6836363636363636	0.583756345177665	2.8	nanobody-35	Yes	classB1
7w2z	Q92847	GHSR	GHSR_HUMAN	R	P09471	GNAO1	GNAO_HUMAN	A	HUMAN	HUMAN	49	301	213	0.8224043715846995	0.6016949152542372	2.8	scfv16	Yes	classA
7wvx	P25090	FPR2	FPR2_HUMAN	R	P04899	GNAI2	GNAI2_HUMAN	A	HUMAN	HUMAN	66	299	215	0.8518518518518519	0.6056338028169014	2.8	No	Yes	classA
7xbw	P49238	CX3CR1	CX3C1_HUMAN	R	P63096	GNAI1	GNAI1_HUMAN	C	HUMAN	HUMAN	88	288	216	0.8112676056338028	0.6101694915254238	2.8	No	No	classA
6pb1	Q13324	CRHR2	CRFR2_HUMAN	P	P63092	GNAS	GNAS2_HUMAN	A	HUMAN	HUMAN	39	281	224	0.683698296836983	0.5685279187817259	2.8	nanobody 35	Yes	classB1
7f1s	P51681	CCR5	CCR5_HUMAN	R	P63096	GNAI1	GNAI1_HUMAN	A	HUMAN	HUMAN	66	276	216	0.7840909090909091	0.6101694915254238	2.8	No	No	classA
7jvr	P14416	DRD2	DRD2_HUMAN	R	P63096	GNAI1	GNAI1_HUMAN	A	HUMAN	HUMAN	60	269	224	0.6072234762979684	0.632768361581921	2.8	antibody fragment scfv16	No	classA
7cx2	P43116	PTGER2	PE2R2_HUMAN	R	P63092	GNAS	GNAS2_HUMAN	A	HUMAN	HUMAN	43	266	228	0.7430167597765364	0.5786802030456852	2.8	nanobody-35	No	classA
7td0	Q92633	LPAR1	LPAR1_HUMAN	R	B2RSH2	GNAI1	GNAI1_MOUSE	A	HUMAN	MOUSE	63	290	218	0.7967032967032966	0.615819209039548	2.83	No	Yes	classA
7ezm	P32238	CCKAR	CCKAR_HUMAN	D	P50148	GNAQ	GNAQ_HUMAN	A	HUMAN	HUMAN	85	304	200	0.7102803738317757	0.5571030640668524	2.9	scfv16	Yes	classA
7t6u	P25090	FPR2	FPR2_HUMAN	R	P63096	GNAI1	GNAI1_HUMAN	A	HUMAN	HUMAN	69	299	219	0.8518518518518519	0.6186440677966102	2.9	b9-scfv	Yes	classA
7euo	P21462	FPR1	FPR1_HUMAN	R	P63096	GNAI1	GNAI1_HUMAN	A	HUMAN	HUMAN	49	295	218	0.8428571428571429	0.615819209039548	2.9	scfv16	No	classA
6kpf	P34972	CNR2	CNR2_HUMAN	R	P63096	GNAI1	GNAI1_HUMAN	A	HUMAN	HUMAN	74	290	218	0.8055555555555556	0.615819209039548	2.9	scfv16	No	classA
7vkt	Q15722	LTB4R	LT4R1_HUMAN	A	P63096	GNAI1	GNAI1_HUMAN	B	HUMAN	HUMAN	53	287	227	0.8153409090909091	0.6412429378531074	2.9	scfv16	Yes	classA
7e32	P28221	HTR1D	5HT1D_HUMAN	R	P63096	GNAI1	GNAI1_HUMAN	A	HUMAN	HUMAN	83	285	219	0.7559681697612732	0.6186440677966102	2.9	scfv16	No	classA
7jvp	P21728	DRD1	DRD1_HUMAN	R	P63092	GNAS	GNAS2_HUMAN	A	HUMAN	HUMAN	88	280	237	0.6278026905829597	0.6015228426395939	2.9	nanobody 35	Yes	classA
7wuq	Q8CJ12	ADGRG2	AGRG2_MOUSE	R	P63092	GNAS	GNAS2_HUMAN	A	MOUSE	HUMAN	72	278	215	0.2755203171456888	0.5456852791878173	2.9	nanobody-35	Yes	classB2
7sbf	P42866	OPRM1	OPRM_MOUSE	R	P63096	GNAI1	GNAI1_HUMAN	A	MOUSE	HUMAN	63	273	217	0.6859296482412061	0.6129943502824858	2.9	scfv16	Yes	classA
7y15	Q8TDS7	MRGPRD	MRGRD_HUMAN	R	P63096	GNAI1	GNAI1_HUMAN	A	HUMAN	HUMAN	63	264	218	0.822429906542056	0.615819209039548	2.9	scfv16	Yes	classA
7e33	P28566	HTR1E	5HT1E_HUMAN	R	P63096	GNAI1	GNAI1_HUMAN	A	HUMAN	HUMAN	54	257	217	0.7041095890410959	0.6129943502824858	2.9	scfv16	No	classA
6k41	P18089	ADRA2B	ADA2B_HUMAN	R	P09471	GNAO1	GNAO_HUMAN	A	HUMAN	HUMAN	60	243	213	0.54	0.6016949152542372	2.9	scfv	Yes	classA
6p9x	P34998	CRHR1	CRFR1_HUMAN	R	P63092	GNAS	GNAS2_HUMAN	A	HUMAN	HUMAN	47	270	192	0.6081081081081081	0.4873096446700508	2.91	nanobody 35	Yes	classB1
7dty	P48546	GIPR	GIPR_HUMAN	R	P04896	GNAS	GNAS2_BOVIN	A	HUMAN	BOVIN	42	367	232	0.7875536480686696	0.5888324873096447	2.98	nanobody-35	No	classB1
6nbf	Q03431	PTH1R	PTH1R_HUMAN	R	P04896	GNAS	GNAS2_BOVIN	A	HUMAN	BOVIN	38	368	224	0.6205733558178752	0.5685279187817259	3.0	nanobody-35	Yes	classB1
6osa	P30989	NTSR1	NTR1_HUMAN	R	P63096	GNAI1	GNAI1_HUMAN	A	HUMAN	HUMAN	84	321	218	0.7679425837320574	0.615819209039548	3.0	No	Yes	classA
7x9c	P50391	NPY4R	NPY4R_HUMAN	R	P63096	GNAI1	GNAI1_HUMAN	A	HUMAN	HUMAN	58	302	217	0.8053333333333333	0.6129943502824858	3.0	No	Yes	classA
7d68	O95838	GLP2R	GLP2R_HUMAN	R	P04896	GNAS	GNAS2_BOVIN	A	HUMAN	BOVIN	40	292	223	0.5280289330922242	0.565989847715736	3.0	nanobody-35	No	classB1
7rmg	P25103	TACR1	NK1R_HUMAN	R	P63092	GNAS	GNAS2_HUMAN	A	HUMAN	HUMAN	48	289	190	0.7100737100737101	0.482233502538071	3.0	nanobody 35	Yes	classA
6kpg	P21554	CNR1	CNR1_HUMAN	R	P63096	GNAI1	GNAI1_HUMAN	A	HUMAN	HUMAN	62	285	225	0.6038135593220338	0.635593220338983	3.0	scfv16	Yes	classA
7e2x	P08908	HTR1A	5HT1A_HUMAN	R	P63096	GNAI1	GNAI1_HUMAN	A	HUMAN	HUMAN	55	278	219	0.6587677725118484	0.6186440677966102	3.0	No	Yes	classA
7cfn	Q8TDU6	GPBAR1	GPBAR_HUMAN	R	P63092	GNAS	GNAS2_HUMAN	A	HUMAN	HUMAN	74	274	232	0.8303030303030303	0.5888324873096447	3.0	nanobody-35	No	classA
7ej8	P08913	ADRA2A	ADA2A_HUMAN	R	P09471	GNAO1	GNAO_HUMAN	A	HUMAN	HUMAN	42	263	215	0.5655913978494623	0.6073446327683616	3.0	scfv16	Yes	classA
6p9y	P41586	ADCYAP1R1	PACR_HUMAN	R	P63092	GNAS	GNAS2_HUMAN	A	HUMAN	HUMAN	53	258	194	0.5512820512820513	0.4923857868020304	3.01	nanobody 35	Yes	classB1
6fuf	P02699	RHO	OPSD_BOVIN	A	P09471	GNAO1	GNAO_HUMAN	B	BOVIN	HUMAN	59	316	181	0.9080459770114944	0.5112994350282486	3.02	No	Yes	classA
6wpw	P47871	GCGR	GLR_HUMAN	R	P63092	GNAS	GNAS2_HUMAN	C	HUMAN	HUMAN	57	395	222	0.8280922431865828	0.5634517766497462	3.1	nb35	No	classB1
7xt8	Q13639	HTR4	5HT4R_HUMAN	R	P63092	GNAS	GNAS2_HUMAN	A	HUMAN	HUMAN	88	294	238	0.7577319587628866	0.6040609137055838	3.1	nanobody35	Yes	classA
7ew2	Q99500	S1PR3	S1PR3_HUMAN	R	P63096	GNAI1	GNAI1_HUMAN	A	HUMAN	HUMAN	79	290	226	0.7671957671957672	0.6384180790960452	3.1	scfv16	Yes	classA
7vgy	P48039	MTNR1A	MTR1A_HUMAN	A	P63096	GNAI1	GNAI1_HUMAN	B	HUMAN	HUMAN	46	281	218	0.8028571428571428	0.615819209039548	3.1	scfv16	Yes	classA
7xow	P32239	CCKBR	GASR_HUMAN	R	P50148	GNAQ	GNAQ_HUMAN	A	HUMAN	HUMAN	47	276	194	0.6174496644295302	0.5403899721448467	3.1	scfv16	No	classA
7tuz	P32249	GPR183	GP183_HUMAN	R	P63096	GNAI1	GNAI1_HUMAN	A	HUMAN	HUMAN	59	284	227	0.7867036011080333	0.6412429378531074	3.12	scfv16	Yes	classA
6xbm	Q99835	SMO	SMO_HUMAN	R	P63096	GNAI1	GNAI1_HUMAN	A	HUMAN	HUMAN	76	331	215	0.420584498094028	0.6073446327683616	3.14	scfv16	Yes	Frizzeled
7w0p	P35414	APLNR	APJ_HUMAN	R	P63096	GNAI1	GNAI1_HUMAN	A	HUMAN	HUMAN	43	292	225	0.7684210526315789	0.635593220338983	3.16	scfv16	Yes	classA
7dh5	O02662	ADRB3	ADRB3_CANLF	R	P63092	GNAS	GNAS2_HUMAN	A	CANLF	HUMAN	74	276	231	0.6814814814814815	0.5862944162436549	3.16	nanobody nb35	No	classA
7sqo	O43614	HCRTR2	OX2R_HUMAN	R	P63096	GNAI1	GNAI1_HUMAN	A	HUMAN	HUMAN	49	270	217	0.6081081081081081	0.6129943502824858	3.17	scfv-16	Yes	classA
7t6b	O95136	S1PR2	S1PR2_HUMAN	R	Q14344	GNA13	GNA13_HUMAN	A	HUMAN	HUMAN	55	264	225	0.7478753541076487	0.596816976127321	3.19	scfv16	Yes	classA
7mts	Q14416	GRM2	GRM2_HUMAN	A	P63096	GNAI1	GNAI1_HUMAN	C	HUMAN	HUMAN	48	783	207	0.8979357798165137	0.5847457627118644	3.2	No	No	classC
7x9a	P25929	NPY1R	NPY1R_HUMAN	R	P63096	GNAI1	GNAI1_HUMAN	A	HUMAN	HUMAN	55	309	215	0.8046875	0.6073446327683616	3.2	No	No	classA
7ezh	P32238	CCKAR	CCKAR_HUMAN	D	P63096	GNAI1	GNAI1_HUMAN	A	HUMAN	HUMAN	63	296	217	0.6915887850467289	0.6129943502824858	3.2	scfv16	Yes	classA
7ld3	P30542	ADORA1	AA1R_HUMAN	R	P04899	GNAI2	GNAI2_HUMAN	A	HUMAN	HUMAN	50	288	210	0.8834355828220859	0.5915492957746479	3.2	No	Yes	classA
3sn6	P07550	ADRB2	ADRB2_HUMAN	R	P04896	GNAS	GNAS2_BOVIN	A	HUMAN	BOVIN	61	284	349	0.6876513317191283	0.8857868020304569	3.2	camelid antibody vhh fragment	No	classA
7xta	Q13639	HTR4	5HT4R_HUMAN	R	P63096	GNAI1	GNAI1_HUMAN	A	HUMAN	HUMAN	54	283	219	0.729381443298969	0.6186440677966102	3.2	scfv16	Yes	classA
7vug	Q6DWJ6	GPR139	GP139_HUMAN	R	P63096	GNAI1	GNAI1_HUMAN	A	HUMAN	HUMAN	66	282	218	0.7988668555240793	0.615819209039548	3.2	scfv16	Yes	classA
7xtc	P34969	HTR7	5HT7R_HUMAN	R	P63092	GNAS	GNAS2_HUMAN	A	HUMAN	HUMAN	76	275	240	0.5741127348643006	0.6091370558375635	3.2	nanobody35	No	classA
6vn7	P32241	VIPR1	VIPR1_HUMAN	R	P63092	GNAS	GNAS2_HUMAN	A	HUMAN	HUMAN	40	263	239	0.5754923413566739	0.6065989847715736	3.2	nanobody 35	Yes	classB1
7evw	O75084	FZD7	FZD7_HUMAN	R	P63092	GNAS	GNAS2_HUMAN	A	HUMAN	HUMAN	19	340	234	0.5923344947735192	0.5939086294416244	3.22	nb35	Yes	Frizzeled
6oya	P02699	RHO	OPSD_BOVIN	R	P04695	GNAT1	GNAT1_BOVIN	A	BOVIN	BOVIN	59	326	205	0.9367816091954024	0.5857142857142857	3.3	camelid antibody vhh fragment	Yes	classA
7d7m	P35408	PTGER4	PE2R4_HUMAN	A	P63092	GNAS	GNAS2_HUMAN	D	HUMAN	HUMAN	58	285	228	0.5840163934426229	0.5786802030456852	3.3	nanobody nb35	Yes	classA
7xtb	P50406	HTR6	5HT6R_HUMAN	R	P63092	GNAS	GNAS2_HUMAN	A	HUMAN	HUMAN	62	278	236	0.6318181818181818	0.5989847715736041	3.3	nanobody35	No	classA
7f8v	P32239	CCKBR	GASR_HUMAN	R	P04899	GNAI2	GNAI2_HUMAN	A	HUMAN	HUMAN	50	275	217	0.6152125279642058	0.6112676056338028	3.3	No	No	classA
6li3	Q9Y2T5	GPR52	GPR52_HUMAN	R	P63092	GNAS	GNAS2_HUMAN	A	HUMAN	HUMAN	56	284	237	0.7867036011080333	0.6015228426395939	3.32	nanobody nb35	No	classA
6wwz	P51684	CCR6	CCR6_HUMAN	R	P09471	GNAO1	GNAO_HUMAN	A	HUMAN	HUMAN	63	310	210	0.8288770053475936	0.5932203389830508	3.34	scfv16	No	classA
7wv9	P21554	CNR1	CNR1_HUMAN	R	P04899	GNAI2	GNAI2_HUMAN	A	HUMAN	HUMAN	64	290	224	0.614406779661017	0.6309859154929578	3.36	scfv16	Yes	classA
6lfo	P25025	CXCR2	CXCR2_HUMAN	R	P63096	GNAI1	GNAI1_HUMAN	A	HUMAN	HUMAN	69	307	230	0.8527777777777777	0.6497175141242938	3.4	scfv16	No	classA
7x9b	P49146	NPY2R	NPY2R_HUMAN	R	P63096	GNAI1	GNAI1_HUMAN	A	HUMAN	HUMAN	68	302	218	0.7926509186351706	0.615819209039548	3.4	No	Yes	classA
5g53	P29274	ADORA2A	AA2AR_HUMAN	A	P63092	GNAS	GNAS2_HUMAN	C	HUMAN	HUMAN	51	279	195	0.6771844660194175	0.4949238578680203	3.4	No	Yes	classA
7v68	P08173	CHRM4	ACM4_HUMAN	R	P63096	GNAI1	GNAI1_HUMAN	A	HUMAN	HUMAN	49	277	218	0.5782881002087683	0.615819209039548	3.4	scfv16	Yes	classA
7exd	P30939	HTR1F	5HT1F_HUMAN	R	P63096	GNAI1	GNAI1_HUMAN	A	HUMAN	HUMAN	50	272	219	0.7431693989071039	0.6186440677966102	3.4	scfv16	No	classA
7ew1	Q9H228	S1PR5	S1PR5_HUMAN	A	P63096	GNAI1	GNAI1_HUMAN	D	HUMAN	HUMAN	56	269	227	0.6758793969849246	0.6412429378531074	3.4	scfv16	Yes	classA
7vh0	P49286	MTNR1B	MTR1B_HUMAN	A	P63096	GNAI1	GNAI1_HUMAN	B	HUMAN	HUMAN	52	273	215	0.7541436464088398	0.6073446327683616	3.46	No	No	classA
7eb2	O75899	GABBR2	GABR2_HUMAN	D	P63096	GNAI1	GNAI1_HUMAN	A	HUMAN	HUMAN	37	680	352	0.722635494155154	0.9943502824858758	3.5	scfv16	No	classC
6oik	P08172	CHRM2	ACM2_HUMAN	R	P09471	GNAO1	GNAO_HUMAN	A	HUMAN	HUMAN	51	278	217	0.5965665236051502	0.6129943502824858	3.6	antibody fragment	Yes	classA
6g79	P28222	HTR1B	5HT1B_HUMAN	S	P09471	GNAO1	GNAO_HUMAN	A	HUMAN	HUMAN	51	262	209	0.6717948717948717	0.5903954802259888	3.78	No	No	classA
6lml	P47871	GCGR	GLR_HUMAN	R	P63096	GNAI1	GNAI1_HUMAN	A	HUMAN	HUMAN	28	395	224	0.8280922431865828	0.632768361581921	3.9	scfv16	No	classB1
7e9h	Q14833	GRM4	GRM4_HUMAN	R	P08754	GNAI3	GNAI3_HUMAN	A	HUMAN	HUMAN	48	766	223	0.8399122807017544	0.6299435028248588	4.0	scfv16	No	classC
6k42	P18089	ADRA2B	ADA2B_HUMAN	R	P63097	GNAI1	GNAI1_BOVIN	A	HUMAN	BOVIN	62	270	218	0.6	0.615819209039548	4.1	scfv	Yes	classA
6qno	P02699	RHO	OPSD_BOVIN	R	P63096	GNAI1	GNAI1_HUMAN	A	BOVIN	HUMAN	59	334	212	0.9597701149425288	0.5988700564971752	4.38	fab antibody fragment light chain	Yes	classA
