PDB_ID	Receptor_Uniprot_AC	Receptor_Gene_name	Receptor_Uniprot_ID	Receptor_Chain	Gprotein_Uniprot_AC	Gprotein_Gene_name	Gprotein_Uniprot_ID	Gprotein_chain	Receptor_organism	Gprotein_organism	Contacts	Receptor_residues	Gprotein_residues	Receptor_coverage	Gprotein_coverage	Resolution
7e14	P43220	GLP1R	GLP1R_HUMAN	R	P63092	GNAS	GNAS2_HUMAN	A	HUMAN	HUMAN	48	375	193	0.809935205	0.489847716	2.9
7e32	P28221	HTR1D	5HT1D_HUMAN	R	P63096	GNAI1	GNAI1_HUMAN	A	HUMAN	HUMAN	83	285	219	0.75596817	0.618644068	2.9
7e33	P28566	HTR1E	5HT1E_HUMAN	R	P63096	GNAI1	GNAI1_HUMAN	A	HUMAN	HUMAN	54	257	217	0.704109589	0.61299435	2.9
3sn6	P07550	ADRB2	ADRB2_HUMAN	R	P04896	GNAS	GNAS2_BOVIN	A	HUMAN	BOVIN	61	284	349	0.687651332	0.885786802	3.2
5uz7	P30988	CALCR	CALCR_HUMAN	R	P63092	GNAS	GNAS2_HUMAN	A	HUMAN	HUMAN	41	266	185	0.561181435	0.469543147	4.1
6b3j	P43220	GLP1R	GLP1R_HUMAN	R	P63092	GNAS	GNAS2_HUMAN	A	HUMAN	HUMAN	40	380	195	0.820734341	0.494923858	3.3
6cmo	P08100	RHO	OPSD_HUMAN	R	P63096	GNAI1	GNAI1_HUMAN	A	HUMAN	HUMAN	46	321	354	0.922413793	1	4.5
6d9h	P30542	ADORA1	AA1R_HUMAN	R	P04899	GNAI2	GNAI2_HUMAN	A	HUMAN	HUMAN	47	288	209	0.883435583	0.588732394	3.6
6dde	P42866	OPRM1	OPRM_MOUSE	R	P63096	GNAI1	GNAI1_HUMAN	A	MOUSE	HUMAN	65	281	217	0.706030151	0.61299435	3.5
6ddf	P42866	OPRM1	OPRM_MOUSE	R	P63096	GNAI1	GNAI1_HUMAN	A	MOUSE	HUMAN	64	281	217	0.706030151	0.61299435	3.5
6e3y	Q16602	CALCRL	CALRL_HUMAN	R	P63092	GNAS	GNAS2_HUMAN	A	HUMAN	HUMAN	45	346	188	0.750542299	0.47715736	3.3
6fuf	P02699	RHO	OPSD_BOVIN	A	P09471	GNAO1	GNAO_HUMAN	B	BOVIN	HUMAN	59	316	181	0.908045977	0.511299435	3.02
6g79	P28222	HTR1B	5HT1B_HUMAN	S	P09471	GNAO1	GNAO_HUMAN	A	HUMAN	HUMAN	51	262	209	0.671794872	0.59039548	3.78
6gdg	P29274	ADORA2A	AA2AR_HUMAN	A	P63092	GNAS	GNAS2_HUMAN	D	HUMAN	HUMAN	63	263	225	0.638349515	0.57106599	4.11
6k41	P18089	ADRA2B	ADA2B_HUMAN	R	P09471	GNAO1	GNAO_HUMAN	A	HUMAN	HUMAN	60	243	213	0.54	0.601694915	2.9
6k42	P18089	ADRA2B	ADA2B_HUMAN	R	P63097	GNAI1	GNAI1_BOVIN	A	HUMAN	BOVIN	62	270	218	0.6	0.615819209	4.1
6kpf	P34972	CNR2	CNR2_HUMAN	R	P63096	GNAI1	GNAI1_HUMAN	A	HUMAN	HUMAN	74	290	218	0.805555556	0.615819209	2.9
6kpg	P21554	CNR1	CNR1_HUMAN	R	P63096	GNAI1	GNAI1_HUMAN	A	HUMAN	HUMAN	62	285	225	0.603813559	0.63559322	3
6lfm	P25025	CXCR2	CXCR2_HUMAN	R	P63096	GNAI1	GNAI1_HUMAN	A	HUMAN	HUMAN	69	307	230	0.852777778	0.649717514	3.5
6lfo	P25025	CXCR2	CXCR2_HUMAN	R	P63096	GNAI1	GNAI1_HUMAN	A	HUMAN	HUMAN	69	307	230	0.852777778	0.649717514	3.4
6li3	Q9Y2T5	GPR52	GPR52_HUMAN	R	P63092	GNAS	GNAS2_HUMAN	A	HUMAN	HUMAN	56	284	237	0.786703601	0.601522843	3.32
6lmk	P47871	GCGR	GLR_HUMAN	R	P63092	GNAS	GNAS2_HUMAN	A	HUMAN	HUMAN	60	395	231	0.828092243	0.586294416	3.7
6lml	P47871	GCGR	GLR_HUMAN	R	P63096	GNAI1	GNAI1_HUMAN	A	HUMAN	HUMAN	28	395	224	0.828092243	0.632768362	3.9
6lpb	P41586	ADCYAP1R1	PACR_HUMAN	R	P63092	GNAS	GNAS2_HUMAN	A	HUMAN	HUMAN	39	331	223	0.707264957	0.565989848	3.9
6m1h	P41586	ADCYAP1R1	PACR_HUMAN	A	P63092	GNAS	GNAS2_HUMAN	F	HUMAN	HUMAN	40	341	216	0.728632479	0.54822335	3.6
6m1i	P41586	ADCYAP1R1	PACR_HUMAN	A	P63092	GNAS	GNAS2_HUMAN	F	HUMAN	HUMAN	42	353	225	0.754273504	0.57106599	3.5
6n4b	P21554	CNR1	CNR1_HUMAN	R	P63096	GNAI1	GNAI1_HUMAN	A	HUMAN	HUMAN	55	276	218	0.584745763	0.615819209	3
6nbf	Q03431	PTH1R	PTH1R_HUMAN	R	P04896	GNAS	GNAS2_BOVIN	A	HUMAN	BOVIN	38	368	224	0.620573356	0.568527919	3
6nbh	Q03431	PTH1R	PTH1R_HUMAN	R	P04896	GNAS	GNAS2_BOVIN	A	HUMAN	BOVIN	43	379	222	0.639123103	0.563451777	3.5
6nbi	Q03431	PTH1R	PTH1R_HUMAN	R	P04896	GNAS	GNAS2_BOVIN	A	HUMAN	BOVIN	44	369	218	0.622259696	0.553299492	4
6ni3	P07550	ADRB2	ADRB2_HUMAN	R	P63092	GNAS	GNAS2_HUMAN	A	HUMAN	HUMAN	59	284	234	0.687651332	0.593908629	3.8
6niy	P30988	CALCR	CALCR_HUMAN	R	P63092	GNAS	GNAS2_HUMAN	A	HUMAN	HUMAN	44	261	168	0.550632911	0.426395939	3.34
6oij	P11229	CHRM1	ACM1_HUMAN	R	P29992	GNA11	GNA11_HUMAN	A	HUMAN	HUMAN	76	293	197	0.636956522	0.548746518	3.3
6oik	P08172	CHRM2	ACM2_HUMAN	R	P09471	GNAO1	GNAO_HUMAN	A	HUMAN	HUMAN	51	278	217	0.596566524	0.61299435	3.6
6omm	P25090	FPR2	FPR2_HUMAN	R	P63096	GNAI1	GNAI1_HUMAN	A	HUMAN	HUMAN	66	297	217	0.846153846	0.61299435	3.17
6orv	P43220	GLP1R	GLP1R_HUMAN	RP	P63092	GNAS	GNAS2_HUMAN	AP	HUMAN	HUMAN	47	281	195	0.606911447	0.494923858	3
6os9	P30989	NTSR1	NTR1_HUMAN	R	P63096	GNAI1	GNAI1_HUMAN	A	HUMAN	HUMAN	78	306	218	0.732057416	0.615819209	3
6osa	P30989	NTSR1	NTR1_HUMAN	R	P63096	GNAI1	GNAI1_HUMAN	A	HUMAN	HUMAN	84	321	218	0.767942584	0.615819209	3
6ot0	Q99835	SMO	SMO_HUMAN	R	P63096	GNAI1	GNAI1_HUMAN	A	HUMAN	HUMAN	51	364	354	0.462515883	1	3.84
6oy9	P02699	RHO	OPSD_BOVIN	R	P04695	GNAT1	GNAT1_BOVIN	A	BOVIN	BOVIN	58	326	223	0.936781609	0.637142857	3.9
6oya	P02699	RHO	OPSD_BOVIN	R	P04695	GNAT1	GNAT1_BOVIN	A	BOVIN	BOVIN	59	326	205	0.936781609	0.585714286	3.3
6p9x	P34998	CRHR1	CRFR1_HUMAN	R	P63092	GNAS	GNAS2_HUMAN	A	HUMAN	HUMAN	47	270	192	0.608108108	0.487309645	2.91
6p9y	P41586	ADCYAP1R1	PACR_HUMAN	R	P63092	GNAS	GNAS2_HUMAN	A	HUMAN	HUMAN	53	258	194	0.551282051	0.492385787	3.01
6pb0	P34998	CRHR1	CRFR1_HUMAN	R	P63092	GNAS	GNAS2_HUMAN	A	HUMAN	HUMAN	39	281	224	0.632882883	0.568527919	3
6pb1	Q13324	CRHR2	CRFR2_HUMAN	P	P63092	GNAS	GNAS2_HUMAN	A	HUMAN	HUMAN	39	281	224	0.683698297	0.568527919	2.8
6pt0	P34972	CNR2	CNR2_HUMAN	R	P63096	GNAI1	GNAI1_HUMAN	A	HUMAN	HUMAN	75	298	353	0.827777778	0.997175141	3.2
6qno	P02699	RHO	OPSD_BOVIN	R	P63096	GNAI1	GNAI1_HUMAN	A	BOVIN	HUMAN	59	334	212	0.959770115	0.598870056	4.38
6uun	Q16602	CALCRL	CALRL_HUMAN	R	P63092	GNAS	GNAS2_HUMAN	A	HUMAN	HUMAN	44	354	190	0.767895879	0.482233503	3
6uus	Q16602	CALCRL	CALRL_HUMAN	R	P63092	GNAS	GNAS2_HUMAN	A	HUMAN	HUMAN	50	341	190	0.739696312	0.482233503	2.4
6uva	Q16602	CALCRL	CALRL_HUMAN	R	P63092	GNAS	GNAS2_HUMAN	A	HUMAN	HUMAN	42	344	190	0.746203905	0.482233503	2.3
6vcb	P43220	GLP1R	GLP1R_HUMAN	R	P63092	GNAS	GNAS2_HUMAN	A	HUMAN	HUMAN	50	378	223	0.816414687	0.565989848	3.3
6vms	P14416	DRD2	DRD2_HUMAN	R	P10824	GNAI1	GNAI1_RAT	A	HUMAN	RAT	66	278	227	0.627539503	0.641242938	3.8
6vn7	P32241	VIPR1	VIPR1_HUMAN	R	P63092	GNAS	GNAS2_HUMAN	A	HUMAN	HUMAN	40	263	239	0.575492341	0.606598985	3.2
6whc	P47871	GCGR	GLR_HUMAN	R	P63092	GNAS	GNAS2_HUMAN	A	HUMAN	HUMAN	61	371	219	0.777777778	0.555837563	3.4
6wi9	P47872	SCTR	SCTR_HUMAN	R	P63092	GNAS	GNAS2_HUMAN	A	HUMAN	HUMAN	53	368	194	0.836363636	0.492385787	4.3
6wpw	P47871	GCGR	GLR_HUMAN	R	P63092	GNAS	GNAS2_HUMAN	C	HUMAN	HUMAN	57	395	222	0.828092243	0.563451777	3.1
6wwz	P51684	CCR6	CCR6_HUMAN	R	P09471	GNAO1	GNAO_HUMAN	A	HUMAN	HUMAN	63	310	210	0.828877005	0.593220339	3.34
6wzg	P47872	SCTR	SCTR_HUMAN	R	P63092	GNAS	GNAS2_HUMAN	A	HUMAN	HUMAN	45	379	240	0.861363636	0.609137056	2.3
6x18	P43220	GLP1R	GLP1R_HUMAN	R	P63092	GNAS	GNAS2_HUMAN	A	HUMAN	HUMAN	49	384	355	0.82937365	0.901015228	2.1
6x19	P43220	GLP1R	GLP1R_HUMAN	R	P63092	GNAS	GNAS2_HUMAN	A	HUMAN	HUMAN	45	387	350	0.835853132	0.888324873	2.1
6x1a	P43220	GLP1R	GLP1R_HUMAN	R	P63092	GNAS	GNAS2_HUMAN	A	HUMAN	HUMAN	45	390	351	0.842332613	0.890862944	2.5
6xbj	Q99835	SMO	SMO_HUMAN	R	P63096	GNAI1	GNAI1_HUMAN	A	HUMAN	HUMAN	71	465	215	0.590851334	0.607344633	3.88
6xbk	Q99835	SMO	SMO_HUMAN	R	P63096	GNAI1	GNAI1_HUMAN	A	HUMAN	HUMAN	66	468	215	0.594663278	0.607344633	3.24
6xbl	Q99835	SMO	SMO_HUMAN	R	P63096	GNAI1	GNAI1_HUMAN	A	HUMAN	HUMAN	58	468	215	0.594663278	0.607344633	3.96
6xbm	Q99835	SMO	SMO_HUMAN	R	P63096	GNAI1	GNAI1_HUMAN	A	HUMAN	HUMAN	76	331	215	0.420584498	0.607344633	3.14
6xox	P43220	GLP1R	GLP1R_HUMAN	R	P63092	GNAS	GNAS2_HUMAN	A	HUMAN	HUMAN	53	380	205	0.820734341	0.520304569	3.1
7aue	P32245	MC4R	MC4R_HUMAN	R	P63092	GNAS	GNAS2_HUMAN	A	HUMAN	HUMAN	71	263	233	0.792168675	0.591370558	2.97
7bb6	P30518	AVPR2	V2R_HUMAN	A	P63092	GNAS	GNAS2_HUMAN	E	HUMAN	HUMAN	48	270	214	0.727762803	0.543147208	4.2
7bb7	P30518	AVPR2	V2R_HUMAN	A	P63092	GNAS	GNAS2_HUMAN	E	HUMAN	HUMAN	70	268	218	0.722371968	0.553299492	4.4
7bw0	Q8TDU6	GPBAR1	GPBAR_HUMAN	R	P63092	GNAS	GNAS2_HUMAN	A	HUMAN	HUMAN	57	280	210	0.848484848	0.532994924	3.9
7bz2	P07550	ADRB2	ADRB2_HUMAN	R	P63092	GNAS	GNAS2_HUMAN	A	HUMAN	HUMAN	57	285	198	0.690072639	0.502538071	3.82
7c2e	P43220	GLP1R	GLP1R_HUMAN	R	P63092	GNAS	GNAS2_HUMAN	A	HUMAN	HUMAN	41	380	193	0.820734341	0.489847716	4.2
7cfm	Q8TDU6	GPBAR1	GPBAR_HUMAN	R	P63092	GNAS	GNAS2_HUMAN	A	HUMAN	HUMAN	75	273	229	0.827272727	0.581218274	3
7cfn	Q8TDU6	GPBAR1	GPBAR_HUMAN	R	P63092	GNAS	GNAS2_HUMAN	A	HUMAN	HUMAN	74	274	232	0.83030303	0.588832487	3
7ckw	P21728	DRD1	DRD1_HUMAN	R	P63092	GNAS	GNAS2_HUMAN	A	HUMAN	HUMAN	90	273	236	0.612107623	0.598984772	3.22
7ckx	P21728	DRD1	DRD1_HUMAN	R	P63092	GNAS	GNAS2_HUMAN	A	HUMAN	HUMAN	86	273	236	0.612107623	0.598984772	3.54
7cky	P21728	DRD1	DRD1_HUMAN	R	P63092	GNAS	GNAS2_HUMAN	A	HUMAN	HUMAN	88	276	236	0.618834081	0.598984772	3.2
7ckz	P21728	DRD1	DRD1_HUMAN	R	P63092	GNAS	GNAS2_HUMAN	A	HUMAN	HUMAN	96	275	236	0.616591928	0.598984772	3.1
7cmu	P35462	DRD3	DRD3_HUMAN	R	P63096	GNAI1	GNAI1_HUMAN	A	HUMAN	HUMAN	53	272	225	0.68	0.63559322	3
7cmv	P35462	DRD3	DRD3_HUMAN	R	P63096	GNAI1	GNAI1_HUMAN	A	HUMAN	HUMAN	53	272	225	0.68	0.63559322	2.7
7crh	P21728	DRD1	DRD1_HUMAN	R	P63092	GNAS	GNAS2_HUMAN	A	HUMAN	HUMAN	56	273	236	0.612107623	0.598984772	3.3
7cx2	P43116	PTGER2	PE2R2_HUMAN	R	P63092	GNAS	GNAS2_HUMAN	A	HUMAN	HUMAN	43	266	228	0.74301676	0.578680203	2.8
7cx3	P43116	PTGER2	PE2R2_HUMAN	R	P63092	GNAS	GNAS2_HUMAN	A	HUMAN	HUMAN	46	265	228	0.740223464	0.578680203	2.8
7cx4	P43116	PTGER2	PE2R2_HUMAN	R	P63092	GNAS	GNAS2_HUMAN	A	HUMAN	HUMAN	45	266	228	0.74301676	0.578680203	2.9
7cz5	Q02643	GHRHR	GHRHR_HUMAN	R	P63092	GNAS	GNAS2_HUMAN	A	HUMAN	HUMAN	49	269	228	0.635933806	0.578680203	2.6
7d3s	P47872	SCTR	SCTR_HUMAN	R	P63092	GNAS	GNAS2_HUMAN	A	HUMAN	HUMAN	41	266	230	0.604545455	0.583756345	2.9
7d68	O95838	GLP2R	GLP2R_HUMAN	R	P04896	GNAS	GNAS2_BOVIN	A	HUMAN	BOVIN	40	292	223	0.528028933	0.565989848	3
7d76	Q86Y34	ADGRG3	AGRG3_HUMAN	R	P09471	GNAO1	GNAO_HUMAN	A	HUMAN	HUMAN	14	265	215	0.482695811	0.607344633	3.1
7d77	Q86Y34	ADGRG3	AGRG3_HUMAN	R	P09471	GNAO1	GNAO_HUMAN	A	HUMAN	HUMAN	12	265	215	0.482695811	0.607344633	2.9
7d7m	P35408	PTGER4	PE2R4_HUMAN	A	P63092	GNAS	GNAS2_HUMAN	D	HUMAN	HUMAN	58	285	228	0.584016393	0.578680203	3.3
7db6	P48039	MTNR1A	MTR1A_HUMAN	D	P63096	GNAI1	GNAI1_HUMAN	A	HUMAN	HUMAN	44	276	219	0.788571429	0.618644068	3.3
7dfl	P35367	HRH1	HRH1_HUMAN	R	P50148	GNAQ	GNAQ_HUMAN	A	HUMAN	HUMAN	51	275	198	0.564681725	0.551532033	3.3
7dh5	O02662	ADRB3	ADRB3_CANLF	R	P63092	GNAS	GNAS2_HUMAN	A	CANLF	HUMAN	74	276	231	0.681481481	0.586294416	3.16
7dhi	P07550	ADRB2	ADRB2_HUMAN	R	P63092	GNAS	GNAS2_HUMAN	A	HUMAN	HUMAN	62	290	216	0.702179177	0.54822335	3.26
7dhr	P07550	ADRB2	ADRB2_HUMAN	R	P63092	GNAS	GNAS2_HUMAN	A	HUMAN	HUMAN	61	284	194	0.687651332	0.492385787	3.8
7dty	P48546	GIPR	GIPR_HUMAN	R	P04896	GNAS	GNAS2_BOVIN	A	HUMAN	BOVIN	42	367	232	0.787553648	0.588832487	2.98
7duq	P43220	GLP1R	GLP1R_HUMAN	R	P63092	GNAS	GNAS2_HUMAN	A	HUMAN	HUMAN	49	384	240	0.82937365	0.609137056	2.5
7dur	P43220	GLP1R	GLP1R_HUMAN	R	P63092	GNAS	GNAS2_HUMAN	A	HUMAN	HUMAN	45	371	235	0.801295896	0.596446701	3.3
7dw9	P30518	AVPR2	V2R_HUMAN	R	P63092	GNAS	GNAS2_HUMAN	A	HUMAN	HUMAN	45	278	216	0.749326146	0.54822335	2.6
7e2x	P08908	HTR1A	5HT1A_HUMAN	R	P63096	GNAI1	GNAI1_HUMAN	A	HUMAN	HUMAN	55	278	219	0.658767773	0.618644068	3
7e2y	P08908	HTR1A	5HT1A_HUMAN	R	P63096	GNAI1	GNAI1_HUMAN	A	HUMAN	HUMAN	60	276	219	0.654028436	0.618644068	3
7e2z	P08908	HTR1A	5HT1A_HUMAN	R	P63096	GNAI1	GNAI1_HUMAN	A	HUMAN	HUMAN	54	278	219	0.658767773	0.618644068	3.1
7e9g	Q14416	GRM2	GRM2_HUMAN	R	P63096	GNAI1	GNAI1_HUMAN	A	HUMAN	HUMAN	60	769	223	0.881880734	0.629943503	3.5
7e9h	Q14833	GRM4	GRM4_HUMAN	R	P08754	GNAI3	GNAI3_HUMAN	A	HUMAN	HUMAN	48	766	223	0.839912281	0.629943503	4
7eb2	O75899	GABBR2	GABR2_HUMAN	D	P63096	GNAI1	GNAI1_HUMAN	A	HUMAN	HUMAN	37	680	352	0.722635494	0.994350282	3.5
7ej0	P08913	ADRA2A	ADA2A_HUMAN	R	P09471	GNAO1	GNAO_HUMAN	A	HUMAN	HUMAN	51	260	217	0.559139785	0.61299435	3.2
7ej8	P08913	ADRA2A	ADA2A_HUMAN	R	P09471	GNAO1	GNAO_HUMAN	A	HUMAN	HUMAN	42	263	215	0.565591398	0.607344633	3
7eja	P08913	ADRA2A	ADA2A_HUMAN	R	P09471	GNAO1	GNAO_HUMAN	A	HUMAN	HUMAN	43	269	210	0.578494624	0.593220339	3.6
7ejk	P08913	ADRA2A	ADA2A_HUMAN	R	P09471	GNAO1	GNAO_HUMAN	A	HUMAN	HUMAN	37	257	215	0.552688172	0.607344633	3.4
7ejx	Q9GZN0	GPR88	GPR88_HUMAN	R	P63096	GNAI1	GNAI1_HUMAN	A	HUMAN	HUMAN	51	229	216	0.596354167	0.610169492	2.4
7eo2	P21453	S1PR1	S1PR1_HUMAN	A	P63096	GNAI1	GNAI1_HUMAN	B	HUMAN	HUMAN	40	280	220	0.732984293	0.621468927	2.89
7eo4	P21453	S1PR1	S1PR1_HUMAN	A	P63096	GNAI1	GNAI1_HUMAN	B	HUMAN	HUMAN	45	282	151	0.738219895	0.426553672	2.86
7euo	P21462	FPR1	FPR1_HUMAN	R	P63096	GNAI1	GNAI1_HUMAN	A	HUMAN	HUMAN	49	295	218	0.842857143	0.615819209	2.9
7evm	P43220	GLP1R	GLP1R_HUMAN	R	P63092	GNAS	GNAS2_HUMAN	A	HUMAN	HUMAN	49	282	235	0.609071274	0.596446701	2.5
7evw	O75084	FZD7	FZD7_HUMAN	R	P63092	GNAS	GNAS2_HUMAN	A	HUMAN	HUMAN	19	340	234	0.592334495	0.593908629	3.22
7evy	P21453	S1PR1	S1PR1_HUMAN	D	P63096	GNAI1	GNAI1_HUMAN	A	HUMAN	HUMAN	76	286	228	0.748691099	0.644067797	2.98
7evz	P21453	S1PR1	S1PR1_HUMAN	D	P63096	GNAI1	GNAI1_HUMAN	A	HUMAN	HUMAN	76	286	228	0.748691099	0.644067797	3.07
7ew0	P21453	S1PR1	S1PR1_HUMAN	D	P63096	GNAI1	GNAI1_HUMAN	A	HUMAN	HUMAN	66	284	228	0.743455497	0.644067797	3.42
7ew1	Q9H228	S1PR5	S1PR5_HUMAN	A	P63096	GNAI1	GNAI1_HUMAN	D	HUMAN	HUMAN	56	269	227	0.675879397	0.641242938	3.4
7ew2	Q99500	S1PR3	S1PR3_HUMAN	R	P63096	GNAI1	GNAI1_HUMAN	A	HUMAN	HUMAN	79	290	226	0.767195767	0.638418079	3.1
7ew3	Q99500	S1PR3	S1PR3_HUMAN	R	P63096	GNAI1	GNAI1_HUMAN	A	HUMAN	HUMAN	76	290	226	0.767195767	0.638418079	3.1
7ew4	Q99500	S1PR3	S1PR3_HUMAN	R	P63096	GNAI1	GNAI1_HUMAN	A	HUMAN	HUMAN	81	287	228	0.759259259	0.644067797	3.2
7ew7	P21453	S1PR1	S1PR1_HUMAN	D	P63096	GNAI1	GNAI1_HUMAN	A	HUMAN	HUMAN	65	286	228	0.748691099	0.644067797	3.27
7exd	P30939	HTR1F	5HT1F_HUMAN	R	P63096	GNAI1	GNAI1_HUMAN	A	HUMAN	HUMAN	50	272	219	0.743169399	0.618644068	3.4
7ezh	P32238	CCKAR	CCKAR_HUMAN	D	P63096	GNAI1	GNAI1_HUMAN	A	HUMAN	HUMAN	63	296	217	0.691588785	0.61299435	3.2
7ezk	P32238	CCKAR	CCKAR_HUMAN	D	P63092	GNAS	GNAS2_HUMAN	A	HUMAN	HUMAN	57	294	209	0.686915888	0.530456853	3.1
7ezm	P32238	CCKAR	CCKAR_HUMAN	D	P50148	GNAQ	GNAQ_HUMAN	A	HUMAN	HUMAN	85	304	200	0.710280374	0.557103064	2.9
7f16	P49190	PTH2R	PTH2R_HUMAN	R	P63092	GNAS	GNAS2_HUMAN	A	HUMAN	HUMAN	46	376	230	0.683636364	0.583756345	2.8
7f1q	P51681	CCR5	CCR5_HUMAN	R	P63096	GNAI1	GNAI1_HUMAN	A	HUMAN	HUMAN	68	298	216	0.846590909	0.610169492	2.9
7f1r	P51681	CCR5	CCR5_HUMAN	R	P63096	GNAI1	GNAI1_HUMAN	A	HUMAN	HUMAN	73	277	216	0.786931818	0.610169492	3
7f1s	P51681	CCR5	CCR5_HUMAN	R	P63096	GNAI1	GNAI1_HUMAN	A	HUMAN	HUMAN	66	276	216	0.784090909	0.610169492	2.8
7f4d	Q01726	MC1R	MSHR_HUMAN	R	P63092	GNAS	GNAS2_HUMAN	A	HUMAN	HUMAN	66	263	214	0.829652997	0.543147208	3
7f4f	Q01726	MC1R	MSHR_HUMAN	R	P63092	GNAS	GNAS2_HUMAN	A	HUMAN	HUMAN	73	269	212	0.848580442	0.538071066	2.9
7f4h	Q01726	MC1R	MSHR_HUMAN	R	P63092	GNAS	GNAS2_HUMAN	A	HUMAN	HUMAN	72	267	214	0.842271293	0.543147208	2.7
7f4i	Q01726	MC1R	MSHR_HUMAN	R	P63092	GNAS	GNAS2_HUMAN	A	HUMAN	HUMAN	62	266	214	0.839116719	0.543147208	3.1
7f53	P32245	MC4R	MC4R_HUMAN	R	P63092	GNAS	GNAS2_HUMAN	A	HUMAN	HUMAN	75	273	227	0.822289157	0.576142132	3
7f54	P32245	MC4R	MC4R_HUMAN	R	P63092	GNAS	GNAS2_HUMAN	A	HUMAN	HUMAN	69	273	227	0.822289157	0.576142132	3
7f55	P32245	MC4R	MC4R_HUMAN	R	P63092	GNAS	GNAS2_HUMAN	A	HUMAN	HUMAN	70	273	227	0.822289157	0.576142132	3.1
7f58	P32245	MC4R	MC4R_HUMAN	R	P63092	GNAS	GNAS2_HUMAN	A	HUMAN	HUMAN	75	273	227	0.822289157	0.576142132	3.1
7f8v	P32239	CCKBR	GASR_HUMAN	R	P04899	GNAI2	GNAI2_HUMAN	A	HUMAN	HUMAN	50	275	217	0.615212528	0.611267606	3.3
7f8w	P32239	CCKBR	GASR_HUMAN	R	P50148	GNAQ	GNAQ_HUMAN	A	HUMAN	HUMAN	55	275	208	0.615212528	0.579387187	3.1
7fim	P43220	GLP1R	GLP1R_HUMAN	R	P04896	GNAS	GNAS2_BOVIN	A	HUMAN	BOVIN	33	382	226	0.825053996	0.573604061	3.4
7fin	P48546	GIPR	GIPR_HUMAN	R	P04896	GNAS	GNAS2_BOVIN	A	HUMAN	BOVIN	40	380	232	0.815450644	0.588832487	3.1
7fiy	P48546	GIPR	GIPR_HUMAN	R	P04896	GNAS	GNAS2_BOVIN	A	HUMAN	BOVIN	42	359	235	0.770386266	0.596446701	3.4
7jjo	P07700	ADRB1	ADRB1_MELGA	R	P04896	GNAS	GNAS2_BOVIN	A	MELGA	BOVIN	48	279	200	0.577639752	0.507614213	2.6
7joz	P21728	DRD1	DRD1_HUMAN	R	P63092	GNAS	GNAS2_HUMAN	A	HUMAN	HUMAN	72	286	338	0.641255605	0.85786802	3.79
7jv5	P21728	DRD1	DRD1_HUMAN	R	P63092	GNAS	GNAS2_HUMAN	A	HUMAN	HUMAN	68	282	238	0.632286996	0.604060914	3
7jvp	P21728	DRD1	DRD1_HUMAN	R	P63092	GNAS	GNAS2_HUMAN	A	HUMAN	HUMAN	88	280	237	0.627802691	0.601522843	2.9
7jvq	P21728	DRD1	DRD1_HUMAN	R	P63092	GNAS	GNAS2_HUMAN	A	HUMAN	HUMAN	71	286	238	0.641255605	0.604060914	3
7jvr	P14416	DRD2	DRD2_HUMAN	R	P63096	GNAI1	GNAI1_HUMAN	A	HUMAN	HUMAN	60	269	224	0.607223476	0.632768362	2.8
7kh0	P30518	AVPR2	V2R_HUMAN	R	P63092	GNAS	GNAS2_HUMAN	A	HUMAN	HUMAN	57	276	211	0.74393531	0.535532995	2.8
7ki0	P43220	GLP1R	GLP1R_HUMAN	R	P63092	GNAS	GNAS2_HUMAN	A	HUMAN	HUMAN	45	384	209	0.82937365	0.530456853	2.5
7ki1	P43220	GLP1R	GLP1R_HUMAN	R	P63092	GNAS	GNAS2_HUMAN	A	HUMAN	HUMAN	47	385	349	0.831533477	0.885786802	2.5
7l0p	P20789	NTSR1	NTR1_RAT	C	P63096	GNAI1	GNAI1_HUMAN	A	RAT	HUMAN	74	309	223	0.728773585	0.629943503	4.1
7l0q	P20789	NTSR1	NTR1_RAT	C	P63096	GNAI1	GNAI1_HUMAN	A	RAT	HUMAN	74	309	337	0.728773585	0.951977401	4.3
7l0r	P20789	NTSR1	NTR1_RAT	C	P63096	GNAI1	GNAI1_HUMAN	A	RAT	HUMAN	63	308	223	0.726415094	0.629943503	4.2
7l0s	P20789	NTSR1	NTR1_RAT	C	P63096	GNAI1	GNAI1_HUMAN	A	RAT	HUMAN	63	308	337	0.726415094	0.951977401	4.5
7lci	P43220	GLP1R	GLP1R_HUMAN	R	P63092	GNAS	GNAS2_HUMAN	A	HUMAN	HUMAN	43	393	244	0.848812095	0.61928934	2.9
7ld3	P30542	ADORA1	AA1R_HUMAN	R	P04899	GNAI2	GNAI2_HUMAN	A	HUMAN	HUMAN	50	288	210	0.883435583	0.591549296	3.2
7ld4	P30542	ADORA1	AA1R_HUMAN	R	P04899	GNAI2	GNAI2_HUMAN	A	HUMAN	HUMAN	48	287	210	0.880368098	0.591549296	3.3
7ljc	P21728	DRD1	DRD1_HUMAN	R	P63092	GNAS	GNAS2_HUMAN	A	HUMAN	HUMAN	83	280	238	0.627802691	0.604060914	3
7ljd	P21728	DRD1	DRD1_HUMAN	R	P63092	GNAS	GNAS2_HUMAN	A	HUMAN	HUMAN	83	285	238	0.639013453	0.604060914	3.2
7lll	P43220	GLP1R	GLP1R_HUMAN	R	P63092	GNAS	GNAS2_HUMAN	A	HUMAN	HUMAN	26	366	233	0.79049676	0.591370558	3.7
7lly	P43220	GLP1R	GLP1R_HUMAN	R	P63092	GNAS	GNAS2_HUMAN	A	HUMAN	HUMAN	40	355	196	0.766738661	0.497461929	3.3
7mbx	P32238	CCKAR	CCKAR_HUMAN	R	P63092	GNAS	GNAS2_HUMAN	A	HUMAN	HUMAN	58	292	240	0.682242991	0.609137056	1.95
7mby	P32238	CCKAR	CCKAR_HUMAN	R	P63092	GNAS	GNAS2_HUMAN	A	HUMAN	HUMAN	47	283	154	0.661214953	0.390862944	2.44
7mts	Q14416	GRM2	GRM2_HUMAN	A	P63096	GNAI1	GNAI1_HUMAN	C	HUMAN	HUMAN	48	783	207	0.89793578	0.584745763	3.2
7na7	Q92847	GHSR	GHSR_HUMAN	R	P63096	GNAI1	GNAI1_HUMAN	A	HUMAN	HUMAN	54	291	217	0.795081967	0.61299435	2.7
7na8	Q92847	GHSR	GHSR_HUMAN	R	P63096	GNAI1	GNAI1_HUMAN	A	HUMAN	HUMAN	55	285	217	0.778688525	0.61299435	2.7
7o7f	P51681	CCR5	CCR5_HUMAN	C	P63096	GNAI1	GNAI1_HUMAN	A	HUMAN	HUMAN	53	300	219	0.852272727	0.618644068	3.15
7p02	P25103	TACR1	NK1R_HUMAN	R	P63092	GNAS	GNAS2_HUMAN	A	HUMAN	HUMAN	56	287	174	0.705159705	0.441624365	2.87
7piu	P32245	MC4R	MC4R_HUMAN	R	P63092	GNAS	GNAS2_HUMAN	A	HUMAN	HUMAN	67	259	189	0.780120482	0.479695431	2.58
7piv	P32245	MC4R	MC4R_HUMAN	R	P63092	GNAS	GNAS2_HUMAN	A	HUMAN	HUMAN	70	260	183	0.78313253	0.464467005	2.86
7ra3	P48546	GIPR	GIPR_HUMAN	R	P63092	GNAS	GNAS2_HUMAN	A	HUMAN	HUMAN	37	371	205	0.796137339	0.520304569	3.24
7rbt	P48546	GIPR	GIPR_HUMAN	R	P63092	GNAS	GNAS2_HUMAN	A	HUMAN	HUMAN	39	378	206	0.811158798	0.52284264	3.08
7rg9	P43220	GLP1R	GLP1R_HUMAN	R	P63092	GNAS	GNAS2_HUMAN	A	HUMAN	HUMAN	49	268	206	0.578833693	0.52284264	3.2
7rgp	P43220	GLP1R	GLP1R_HUMAN	R	P63092	GNAS	GNAS2_HUMAN	A	HUMAN	HUMAN	47	378	201	0.816414687	0.510152284	2.9
7rmg	P25103	TACR1	NK1R_HUMAN	R	P63092	GNAS	GNAS2_HUMAN	A	HUMAN	HUMAN	48	289	190	0.71007371	0.482233503	3
7rmh	P25103	TACR1	NK1R_HUMAN	R	P63092	GNAS	GNAS2_HUMAN	A	HUMAN	HUMAN	41	284	216	0.697788698	0.54822335	3.1
7rmi	P25103	TACR1	NK1R_HUMAN	R	P63092	GNAS	GNAS2_HUMAN	A	HUMAN	HUMAN	51	285	191	0.7002457	0.484771574	3.2
7rtb	P43220	GLP1R	GLP1R_HUMAN	R	P63092	GNAS	GNAS2_HUMAN	A	HUMAN	HUMAN	42	384	235	0.82937365	0.596446701	2.14
7s1m	P43220	GLP1R	GLP1R_HUMAN	R	P63092	GNAS	GNAS2_HUMAN	A	HUMAN	HUMAN	41	381	233	0.822894168	0.591370558	2.41
7s3i	P43220	GLP1R	GLP1R_HUMAN	R	P63092	GNAS	GNAS2_HUMAN	A	HUMAN	HUMAN	39	264	233	0.570194384	0.591370558	2.51
7s8m	Q96LB1	MRGPRX2	MRGX2_HUMAN	R	P63096	GNAI1	GNAI1_HUMAN	B	HUMAN	HUMAN	60	253	218	0.766666667	0.615819209	2.54
7s8o	Q96LB1	MRGPRX2	MRGX2_HUMAN	R	P63096	GNAI1	GNAI1_HUMAN	B	HUMAN	HUMAN	55	257	218	0.778787879	0.615819209	2.58
7sbf	P42866	OPRM1	OPRM_MOUSE	R	P63096	GNAI1	GNAI1_HUMAN	A	MOUSE	HUMAN	63	273	217	0.685929648	0.61299435	2.9
7scg	P42866	OPRM1	OPRM_MOUSE	D	P63096	GNAI1	GNAI1_HUMAN	A	MOUSE	HUMAN	54	283	217	0.711055276	0.61299435	3
7sqo	O43614	HCRTR2	OX2R_HUMAN	R	P63096	GNAI1	GNAI1_HUMAN	A	HUMAN	HUMAN	49	270	217	0.608108108	0.61299435	3.17
7t10	P30874	SSTR2	SSR2_HUMAN	R	P08754	GNAI3	GNAI3_HUMAN	A	HUMAN	HUMAN	60	272	218	0.737127371	0.615819209	2.5
7t11	P30874	SSTR2	SSR2_HUMAN	R	P08754	GNAI3	GNAI3_HUMAN	A	HUMAN	HUMAN	58	270	218	0.731707317	0.615819209	2.7
7t6s	P25090	FPR2	FPR2_HUMAN	R	P63096	GNAI1	GNAI1_HUMAN	A	HUMAN	HUMAN	66	298	217	0.849002849	0.61299435	3
7t6t	P21462	FPR1	FPR1_HUMAN	R	P63096	GNAI1	GNAI1_HUMAN	A	HUMAN	HUMAN	62	296	217	0.845714286	0.61299435	3.2
7t6u	P25090	FPR2	FPR2_HUMAN	R	P63096	GNAI1	GNAI1_HUMAN	A	HUMAN	HUMAN	69	299	219	0.851851852	0.618644068	2.9
7t6v	P25090	FPR2	FPR2_HUMAN	R	P63096	GNAI1	GNAI1_HUMAN	A	HUMAN	HUMAN	66	298	217	0.849002849	0.61299435	3.1
7td0	Q92633	LPAR1	LPAR1_HUMAN	R	B2RSH2	GNAI1	GNAI1_MOUSE	A	HUMAN	MOUSE	63	290	218	0.796703297	0.615819209	2.83
7td1	Q92633	LPAR1	LPAR1_HUMAN	R	B2RSH2	GNAI1	GNAI1_MOUSE	A	HUMAN	MOUSE	60	293	218	0.804945055	0.615819209	3.08
7td2	Q92633	LPAR1	LPAR1_HUMAN	R	B2RSH2	GNAI1	GNAI1_MOUSE	A	HUMAN	MOUSE	62	291	218	0.799450549	0.615819209	3.11
7td3	P21453	S1PR1	S1PR1_HUMAN	R	B2RSH2	GNAI1	GNAI1_MOUSE	A	HUMAN	MOUSE	66	292	223	0.764397906	0.629943503	3
7td4	P21453	S1PR1	S1PR1_HUMAN	R	B2RSH2	GNAI1	GNAI1_MOUSE	A	HUMAN	MOUSE	65	290	222	0.759162304	0.627118644	2.6
7tuz	P32249	GPR183	GP183_HUMAN	R	P63096	GNAI1	GNAI1_HUMAN	A	HUMAN	HUMAN	59	284	227	0.786703601	0.641242938	3.12
7tyf	P30988	CALCR	CALCR_HUMAN	R	P63092	GNAS	GNAS2_HUMAN	A	HUMAN	HUMAN	47	367	228	0.774261603	0.578680203	2.2
7tyh	P30988	CALCR	CALCR_HUMAN	R	P63092	GNAS	GNAS2_HUMAN	A	HUMAN	HUMAN	50	369	229	0.778481013	0.581218274	3.3
7tyi	P30988	CALCR	CALCR_HUMAN	R	P63092	GNAS	GNAS2_HUMAN	A	HUMAN	HUMAN	46	367	228	0.774261603	0.578680203	3.3
7tyl	P30988	CALCR	CALCR_HUMAN	R	P63092	GNAS	GNAS2_HUMAN	A	HUMAN	HUMAN	48	369	228	0.778481013	0.578680203	3.3
7tyn	P30988	CALCR	CALCR_HUMAN	R	P63092	GNAS	GNAS2_HUMAN	A	HUMAN	HUMAN	45	373	227	0.786919831	0.576142132	2.6
7tyo	P30988	CALCR	CALCR_HUMAN	R	P63092	GNAS	GNAS2_HUMAN	A	HUMAN	HUMAN	51	359	228	0.757383966	0.578680203	2.7
7tyw	P30988	CALCR	CALCR_HUMAN	R	P63092	GNAS	GNAS2_HUMAN	A	HUMAN	HUMAN	49	370	227	0.780590717	0.576142132	3
7tyx	P30988	CALCR	CALCR_HUMAN	R	P63092	GNAS	GNAS2_HUMAN	A	HUMAN	HUMAN	42	365	233	0.770042194	0.591370558	2.55
7tyy	P30988	CALCR	CALCR_HUMAN	R	P63092	GNAS	GNAS2_HUMAN	A	HUMAN	HUMAN	55	369	229	0.778481013	0.581218274	3
7tzf	P30988	CALCR	CALCR_HUMAN	R	P63092	GNAS	GNAS2_HUMAN	A	HUMAN	HUMAN	49	367	232	0.774261603	0.588832487	2.4
7u2l	P42866	OPRM1	OPRM_MOUSE	D	P63096	GNAI1	GNAI1_HUMAN	A	MOUSE	HUMAN	67	284	217	0.713567839	0.61299435	3.2
7v35	P47871	GCGR	GLR_HUMAN	R	P63092	GNAS	GNAS2_HUMAN	A	HUMAN	HUMAN	53	392	207	0.821802935	0.525380711	3.5
7v68	P08173	CHRM4	ACM4_HUMAN	R	P63096	GNAI1	GNAI1_HUMAN	A	HUMAN	HUMAN	49	277	218	0.5782881	0.615819209	3.4
7v69	P08173	CHRM4	ACM4_HUMAN	R	P63096	GNAI1	GNAI1_HUMAN	A	HUMAN	HUMAN	47	277	218	0.5782881	0.615819209	3.4
7v6a	P08173	CHRM4	ACM4_HUMAN	R	P63096	GNAI1	GNAI1_HUMAN	A	HUMAN	HUMAN	45	277	218	0.5782881	0.615819209	3.6
7vbh	P43220	GLP1R	GLP1R_HUMAN	R	P63092	GNAS	GNAS2_HUMAN	A	HUMAN	HUMAN	43	382	210	0.825053996	0.532994924	3
7vbi	P43220	GLP1R	GLP1R_HUMAN	R	P63092	GNAS	GNAS2_HUMAN	A	HUMAN	HUMAN	36	382	227	0.825053996	0.576142132	3
7vdh	Q96LB1	MRGPRX2	MRGX2_HUMAN	R	P63096	GNAI1	GNAI1_HUMAN	A	HUMAN	HUMAN	62	267	218	0.809090909	0.615819209	2.9
7vdl	Q96LB1	MRGPRX2	MRGX2_HUMAN	R	P63096	GNAI1	GNAI1_HUMAN	A	HUMAN	HUMAN	59	256	215	0.775757576	0.607344633	3.22
7vdm	Q96LB1	MRGPRX2	MRGX2_HUMAN	R	P63096	GNAI1	GNAI1_HUMAN	A	HUMAN	HUMAN	60	253	217	0.766666667	0.61299435	2.98
7vgx	P25929	NPY1R	NPY1R_HUMAN	R	P63096	GNAI1	GNAI1_HUMAN	A	HUMAN	HUMAN	38	280	224	0.729166667	0.632768362	3.2
7vgy	P48039	MTNR1A	MTR1A_HUMAN	A	P63096	GNAI1	GNAI1_HUMAN	B	HUMAN	HUMAN	46	281	218	0.802857143	0.615819209	3.1
7vgz	P48039	MTNR1A	MTR1A_HUMAN	B	P63096	GNAI1	GNAI1_HUMAN	C	HUMAN	HUMAN	42	285	218	0.814285714	0.615819209	3.3
7vh0	P49286	MTNR1B	MTR1B_HUMAN	A	P63096	GNAI1	GNAI1_HUMAN	B	HUMAN	HUMAN	52	273	215	0.754143646	0.607344633	3.46
7vkt	Q15722	LTB4R	LT4R1_HUMAN	A	P63096	GNAI1	GNAI1_HUMAN	B	HUMAN	HUMAN	53	287	227	0.815340909	0.641242938	2.9
7vl8	P32246	CCR1	CCR1_HUMAN	R	P63096	GNAI1	GNAI1_HUMAN	A	HUMAN	HUMAN	56	284	218	0.8	0.615819209	2.9
7vl9	P32246	CCR1	CCR1_HUMAN	R	P63096	GNAI1	GNAI1_HUMAN	A	HUMAN	HUMAN	55	302	218	0.850704225	0.615819209	2.6
7vla	P32246	CCR1	CCR1_HUMAN	R	P63096	GNAI1	GNAI1_HUMAN	A	HUMAN	HUMAN	53	302	225	0.850704225	0.63559322	2.7
7vqx	P41587	VIPR2	VIPR2_HUMAN	R	P04896	GNAS	GNAS2_BOVIN	A	HUMAN	BOVIN	33	361	237	0.824200913	0.601522843	2.74
7vug	Q6DWJ6	GPR139	GP139_HUMAN	R	P63096	GNAI1	GNAI1_HUMAN	A	HUMAN	HUMAN	66	282	218	0.798866856	0.615819209	3.2
7vuh	Q6DWJ6	GPR139	GP139_HUMAN	R	P63092	GNAS	GNAS2_HUMAN	A	HUMAN	HUMAN	53	282	213	0.798866856	0.540609137	3.22
7vui	Q6DWJ6	GPR139	GP139_HUMAN	R	P63092	GNAS	GNAS2_HUMAN	A	HUMAN	HUMAN	55	279	211	0.790368272	0.535532995	3.3
7vuj	Q6DWJ6	GPR139	GP139_HUMAN	R	P63092	GNAS	GNAS2_HUMAN	A	HUMAN	HUMAN	54	279	211	0.790368272	0.535532995	3.8
7vuy	Q96LB1	MRGPRX2	MRGX2_HUMAN	R	P63096	GNAI1	GNAI1_HUMAN	A	HUMAN	HUMAN	62	258	226	0.781818182	0.638418079	2.84
7vuz	Q96LB1	MRGPRX2	MRGX2_HUMAN	R	P63096	GNAI1	GNAI1_HUMAN	A	HUMAN	HUMAN	62	251	218	0.760606061	0.615819209	2.89
7vv3	Q96LB1	MRGPRX2	MRGX2_HUMAN	R	P63096	GNAI1	GNAI1_HUMAN	A	HUMAN	HUMAN	61	262	218	0.793939394	0.615819209	2.97
7vv5	Q96LB1	MRGPRX2	MRGX2_HUMAN	R	P63096	GNAI1	GNAI1_HUMAN	A	HUMAN	HUMAN	62	268	226	0.812121212	0.638418079	2.76
7w2z	Q92847	GHSR	GHSR_HUMAN	R	P09471	GNAO1	GNAO_HUMAN	A	HUMAN	HUMAN	49	301	160	0.822404372	0.451977401	2.8
7wbj	P41587	VIPR2	VIPR2_HUMAN	R	P04896	GNAS	GNAS2_BOVIN	A	HUMAN	BOVIN	34	359	237	0.819634703	0.601522843	3.42
7wf7	P21453	S1PR1	S1PR1_HUMAN	A	P63096	GNAI1	GNAI1_HUMAN	B	HUMAN	HUMAN	52	271	142	0.709424084	0.401129944	3.4
7wq3	P47211	GALR1	GALR1_HUMAN	R	P63096	GNAI1	GNAI1_HUMAN	A	HUMAN	HUMAN	69	289	225	0.828080229	0.63559322	2.7
7wu4	Q5T601	ADGRF1	AGRF1_HUMAN	R	P63096	GNAI1	GNAI1_HUMAN	A	HUMAN	HUMAN	66	286	207	0.314285714	0.584745763	3.4
7wu5	Q5T601	ADGRF1	AGRF1_HUMAN	R	P63096	GNAI1	GNAI1_HUMAN	A	HUMAN	HUMAN	65	286	163	0.314285714	0.460451977	3
7wuq	Q8CJ12	ADGRG2	AGRG2_MOUSE	R	P63092	GNAS	GNAS2_HUMAN	A	MOUSE	HUMAN	72	278	215	0.275520317	0.545685279	2.9
7wvu	P21462	FPR1	FPR1_HUMAN	R	P63096	GNAI1	GNAI1_HUMAN	A	HUMAN	HUMAN	59	298	218	0.851428571	0.615819209	3.3
7wvv	P25090	FPR2	FPR2_HUMAN	R	P04899	GNAI2	GNAI2_HUMAN	A	HUMAN	HUMAN	64	298	223	0.849002849	0.628169014	2.9
7wvw	P25090	FPR2	FPR2_HUMAN	R	P04899	GNAI2	GNAI2_HUMAN	A	HUMAN	HUMAN	63	299	223	0.851851852	0.628169014	3.1
7wvx	P25090	FPR2	FPR2_HUMAN	R	P04899	GNAI2	GNAI2_HUMAN	A	HUMAN	HUMAN	66	299	215	0.851851852	0.605633803	2.8
7wvy	P25090	FPR2	FPR2_HUMAN	R	P04899	GNAI2	GNAI2_HUMAN	A	HUMAN	HUMAN	67	298	223	0.849002849	0.628169014	3
7x9a	P25929	NPY1R	NPY1R_HUMAN	R	P63096	GNAI1	GNAI1_HUMAN	A	HUMAN	HUMAN	55	309	215	0.8046875	0.607344633	3.2
7x9b	P49146	NPY2R	NPY2R_HUMAN	R	P63096	GNAI1	GNAI1_HUMAN	A	HUMAN	HUMAN	68	302	218	0.792650919	0.615819209	3.4
7x9c	P50391	NPY4R	NPY4R_HUMAN	R	P63096	GNAI1	GNAI1_HUMAN	A	HUMAN	HUMAN	58	302	217	0.805333333	0.61299435	3
7xjh	O02662	ADRB3	ADRB3_CANLF	R	P63092	GNAS	GNAS2_HUMAN	A	CANLF	HUMAN	76	276	231	0.681481481	0.586294416	3.3
7xji	O02662	ADRB3	ADRB3_CANLF	R	P63092	GNAS	GNAS2_HUMAN	A	CANLF	HUMAN	65	276	231	0.681481481	0.586294416	3.9
