GPCR	Pos1	Gprotein	Pos2	BW	Structural	Gprot_struct	Gprot_pos	gfam	pair	pair_struct	class	unique_gpcr_contact	unique_gpcr_contact_tm	fraction_pair	fraction_pair_struct	num_cont_gprot	num_cont_gpcr
CCKAR	150	GNAQ	37	ICL2.54	ICL2	hns1	hns1.2	Gq11	ICL2.54|hns1.2	ICL2|hns1	classA	1	3	0.25	0.4722222222222222	7	47
CCKAR	154	GNAQ	37	4.38	TM4	hns1	hns1.2	Gq11	4.38|hns1.2	TM4|hns1	classA	3	3	0.75	0.75	7	4
CCKAR	150	GNAQ	38	ICL2.54	ICL2	hns1	hns1.3	Gq11	ICL2.54|hns1.3	ICL2|hns1	classA	2	3	0.5	0.4722222222222222	7	47
CCKAR	151	GNAQ	38	ICL2.55	ICL2	hns1	hns1.3	Gq11	ICL2.55|hns1.3	ICL2|hns1	classA	3	3	0.75	0.4722222222222222	7	47
CCKAR	147	GNAQ	40	ICL2.51	ICL2	S1	S1.2	Gq11	ICL2.51|S1.2	ICL2|S1	classA	2	2	0.5	0.5	1	47
CCKAR	148	GNAQ	198	ICL2.52	ICL2	s2s3	s2s3.2	Gq11	ICL2.52|s2s3.2	ICL2|s2s3	classA	2	3	0.5	0.32142857142857145	6	47
CCKAR	147	GNAQ	199	ICL2.51	ICL2	S3	S3.1	Gq11	ICL2.51|S3.1	ICL2|S3	classA	3	3	0.75	0.5	5	47
CCKAR	148	GNAQ	199	ICL2.52	ICL2	S3	S3.1	Gq11	ICL2.52|S3.1	ICL2|S3	classA	2	3	0.5	0.5	5	47
CCKAR	299	GNAQ	314	ICL3	ICL3	H4	H4.26	Gq11	ICL3|H4.26	ICL3|H4	classA	1	2	0.25	0.25	3	15
CCKAR	299	GNAQ	317	ICL3	ICL3	h4s6	h4s6.8	Gq11	ICL3|h4s6.8	ICL3|h4s6	classA	1	2	0.25	0.45	11	15
CCKAR	301	GNAQ	320	6.23	TM6	h4s6	h4s6.11	Gq11	6.23|h4s6.11	TM6|h4s6	classA	1	2	0.25	0.32142857142857145	11	23
CCKAR	303	GNAQ	320	6.25	TM6	h4s6	h4s6.11	Gq11	6.25|h4s6.11	TM6|h4s6	classA	1	2	0.25	0.32142857142857145	11	23
CCKAR	301	GNAQ	321	6.23	TM6	h4s6	h4s6.12	Gq11	6.23|h4s6.12	TM6|h4s6	classA	1	2	0.25	0.32142857142857145	11	23
CCKAR	303	GNAQ	321	6.25	TM6	h4s6	h4s6.12	Gq11	6.25|h4s6.12	TM6|h4s6	classA	2	2	0.5	0.32142857142857145	11	23
CCKAR	304	GNAQ	321	6.26	TM6	h4s6	h4s6.12	Gq11	6.26|h4s6.12	TM6|h4s6	classA	1	2	0.25	0.32142857142857145	11	23
CCKAR	298	GNAQ	323	ICL3	ICL3	h4s6	h4s6.20	Gq11	ICL3|h4s6.20	ICL3|h4s6	classA	2	2	0.5	0.45	11	15
CCKAR	299	GNAQ	323	ICL3	ICL3	h4s6	h4s6.20	Gq11	ICL3|h4s6.20	ICL3|h4s6	classA	2	2	0.5	0.45	11	15
CCKAR	300	GNAQ	323	ICL3	ICL3	h4s6	h4s6.20	Gq11	ICL3|h4s6.20	ICL3|h4s6	classA	2	2	0.5	0.45	11	15
CCKAR	304	GNAQ	323	6.26	TM6	h4s6	h4s6.20	Gq11	6.26|h4s6.20	TM6|h4s6	classA	1	2	0.25	0.32142857142857145	11	23
CCKAR	299	GNAQ	324	ICL3	ICL3	S6	S6.1	Gq11	ICL3|S6.1	ICL3|S6	classA	2	2	0.5	0.48214285714285715	7	15
CCKAR	296	GNAQ	325	ICL3	ICL3	S6	S6.2	Gq11	ICL3|S6.2	ICL3|S6	classA	2	2	0.5	0.48214285714285715	7	15
CCKAR	297	GNAQ	325	ICL3	ICL3	S6	S6.2	Gq11	ICL3|S6.2	ICL3|S6	classA	2	2	0.5	0.48214285714285715	7	15
CCKAR	298	GNAQ	325	ICL3	ICL3	S6	S6.2	Gq11	ICL3|S6.2	ICL3|S6	classA	2	2	0.5	0.48214285714285715	7	15
CCKAR	299	GNAQ	325	ICL3	ICL3	S6	S6.2	Gq11	ICL3|S6.2	ICL3|S6	classA	2	2	0.5	0.48214285714285715	7	15
CCKAR	297	GNAQ	326	ICL3	ICL3	S6	S6.3	Gq11	ICL3|S6.3	ICL3|S6	classA	2	2	0.5	0.48214285714285715	7	15
CCKAR	299	GNAQ	326	ICL3	ICL3	S6	S6.3	Gq11	ICL3|S6.3	ICL3|S6	classA	2	2	0.5	0.48214285714285715	7	15
CCKAR	297	GNAQ	327	ICL3	ICL3	S6	S6.4	Gq11	ICL3|S6.4	ICL3|S6	classA	2	2	0.5	0.48214285714285715	7	15
CCKAR	294	GNAQ	338	ICL3	ICL3	H5	H5.5	Gq11	ICL3|H5.5	ICL3|H5	classA	1	1	0.25	0.25	126	15
CCKAR	296	GNAQ	339	ICL3	ICL3	H5	H5.6	Gq11	ICL3|H5.6	ICL3|H5	classA	1	1	0.25	0.25	126	15
CCKAR	294	GNAQ	342	ICL3	ICL3	H5	H5.9	Gq11	ICL3|H5.9	ICL3|H5	classA	1	1	0.25	0.25	126	15
CCKAR	295	GNAQ	342	ICL3	ICL3	H5	H5.9	Gq11	ICL3|H5.9	ICL3|H5	classA	1	1	0.25	0.25	126	15
CCKAR	296	GNAQ	342	ICL3	ICL3	H5	H5.9	Gq11	ICL3|H5.9	ICL3|H5	classA	1	1	0.25	0.25	126	15
CCKAR	296	GNAQ	343	ICL3	ICL3	H5	H5.10	Gq11	ICL3|H5.10	ICL3|H5	classA	1	1	0.25	0.25	126	15
CCKAR	147	GNAQ	344	ICL2.51	ICL2	H5	H5.11	Gq11	ICL2.51|H5.11	ICL2|H5	classA	2	4	0.5	0.48333333333333334	126	47
CCKAR	146	GNAQ	345	ICL2.5	ICL2	H5	H5.12	Gq11	ICL2.5|H5.12	ICL2|H5	classA	3	4	0.75	0.48333333333333334	126	47
CCKAR	147	GNAQ	345	ICL2.51	ICL2	H5	H5.12	Gq11	ICL2.51|H5.12	ICL2|H5	classA	2	4	0.5	0.48333333333333334	126	47
CCKAR	295	GNAQ	346	ICL3	ICL3	H5	H5.13	Gq11	ICL3|H5.13	ICL3|H5	classA	1	1	0.25	0.25	126	15
CCKAR	296	GNAQ	346	ICL3	ICL3	H5	H5.13	Gq11	ICL3|H5.13	ICL3|H5	classA	1	1	0.25	0.25	126	15
CCKAR	298	GNAQ	346	ICL3	ICL3	H5	H5.13	Gq11	ICL3|H5.13	ICL3|H5	classA	1	1	0.25	0.25	126	15
CCKAR	146	GNAQ	348	ICL2.5	ICL2	H5	H5.15	Gq11	ICL2.5|H5.15	ICL2|H5	classA	3	4	0.75	0.48333333333333334	126	47
CCKAR	147	GNAQ	348	ICL2.51	ICL2	H5	H5.15	Gq11	ICL2.51|H5.15	ICL2|H5	classA	3	4	0.75	0.48333333333333334	126	47
CCKAR	150	GNAQ	348	ICL2.54	ICL2	H5	H5.15	Gq11	ICL2.54|H5.15	ICL2|H5	classA	2	4	0.5	0.48333333333333334	126	47
CCKAR	142	GNAQ	349	3.53	TM3	H5	H5.16	Gq11	3.53|H5.16	TM3|H5	classA	1	4	0.25	0.575	126	24
CCKAR	143	GNAQ	349	3.54	TM3	H5	H5.16	Gq11	3.54|H5.16	TM3|H5	classA	3	4	0.75	0.575	126	24
CCKAR	146	GNAQ	349	ICL2.5	ICL2	H5	H5.16	Gq11	ICL2.5|H5.16	ICL2|H5	classA	2	4	0.5	0.48333333333333334	126	47
CCKAR	139	GNAQ	352	3.5	TM3	H5	H5.19	Gq11	3.5|H5.19	TM3|H5	classA	3	4	0.75	0.575	126	24
CCKAR	141	GNAQ	352	3.52	TM3	H5	H5.19	Gq11	3.52|H5.19	TM3|H5	classA	1	4	0.25	0.575	126	24
CCKAR	142	GNAQ	352	3.53	TM3	H5	H5.19	Gq11	3.53|H5.19	TM3|H5	classA	4	4	1.0	0.575	126	24
CCKAR	143	GNAQ	352	3.54	TM3	H5	H5.19	Gq11	3.54|H5.19	TM3|H5	classA	4	4	1.0	0.575	126	24
CCKAR	146	GNAQ	352	ICL2.5	ICL2	H5	H5.19	Gq11	ICL2.5|H5.19	ICL2|H5	classA	2	4	0.5	0.48333333333333334	126	47
CCKAR	149	GNAQ	352	ICL2.53	ICL2	H5	H5.19	Gq11	ICL2.53|H5.19	ICL2|H5	classA	1	4	0.25	0.48333333333333334	126	47
CCKAR	142	GNAQ	353	3.53	TM3	H5	H5.20	Gq11	3.53|H5.20	TM3|H5	classA	1	4	0.25	0.575	126	24
CCKAR	143	GNAQ	353	3.54	TM3	H5	H5.20	Gq11	3.54|H5.20	TM3|H5	classA	3	4	0.75	0.575	126	24
CCKAR	307	GNAQ	353	6.29	TM6	H5	H5.20	Gq11	6.29|H5.20	TM6|H5	classA	3	4	0.75	0.625	126	23
CCKAR	311	GNAQ	353	6.33	TM6	H5	H5.20	Gq11	6.33|H5.20	TM6|H5	classA	4	4	1.0	0.625	126	23
CCKAR	376	GNAQ	354	8.49	H8	H5	H5.21	Gq11	8.49|H5.21	H8|H5	classA	1	4	0.25	0.38636363636363635	126	17
CCKAR	74	GNAQ	355	2.37	TM2	H5	H5.22	Gq11	2.37|H5.22	TM2|H5	classA	1	3	0.25	0.2857142857142857	126	13
CCKAR	75	GNAQ	355	2.38	TM2	H5	H5.22	Gq11	2.38|H5.22	TM2|H5	classA	1	3	0.25	0.2857142857142857	126	13
CCKAR	76	GNAQ	355	2.39	TM2	H5	H5.22	Gq11	2.39|H5.22	TM2|H5	classA	2	3	0.5	0.2857142857142857	126	13
CCKAR	142	GNAQ	355	3.53	TM3	H5	H5.22	Gq11	3.53|H5.22	TM3|H5	classA	1	4	0.25	0.575	126	24
CCKAR	74	GNAQ	356	2.37	TM2	H5	H5.23	Gq11	2.37|H5.23	TM2|H5	classA	1	3	0.25	0.2857142857142857	126	13
CCKAR	76	GNAQ	356	2.39	TM2	H5	H5.23	Gq11	2.39|H5.23	TM2|H5	classA	1	3	0.25	0.2857142857142857	126	13
CCKAR	135	GNAQ	356	3.46	TM3	H5	H5.23	Gq11	3.46|H5.23	TM3|H5	classA	1	4	0.25	0.575	126	24
CCKAR	138	GNAQ	356	3.49	TM3	H5	H5.23	Gq11	3.49|H5.23	TM3|H5	classA	1	4	0.25	0.575	126	24
CCKAR	139	GNAQ	356	3.5	TM3	H5	H5.23	Gq11	3.5|H5.23	TM3|H5	classA	3	4	0.75	0.575	126	24
CCKAR	142	GNAQ	356	3.53	TM3	H5	H5.23	Gq11	3.53|H5.23	TM3|H5	classA	2	4	0.5	0.575	126	24
CCKAR	143	GNAQ	356	3.54	TM3	H5	H5.23	Gq11	3.54|H5.23	TM3|H5	classA	2	4	0.5	0.575	126	24
CCKAR	76	GNAQ	357	2.39	TM2	H5	H5.24	Gq11	2.39|H5.24	TM2|H5	classA	1	3	0.25	0.2857142857142857	126	13
CCKAR	80	GNAQ	357	2.43	TM2	H5	H5.24	Gq11	2.43|H5.24	TM2|H5	classA	1	3	0.25	0.2857142857142857	126	13
CCKAR	370	GNAQ	357	7.53	TM7	H5	H5.24	Gq11	7.53|H5.24	TM7|H5	classA	1	4	0.25	0.4318181818181818	126	8
CCKAR	371	GNAQ	357	7.54	TM7	H5	H5.24	Gq11	7.54|H5.24	TM7|H5	classA	1	4	0.25	0.4318181818181818	126	8
CCKAR	373	GNAQ	357	7.56	TM7	H5	H5.24	Gq11	7.56|H5.24	TM7|H5	classA	3	4	0.75	0.4318181818181818	126	8
CCKAR	374	GNAQ	357	8.47	H8	H5	H5.24	Gq11	8.47|H5.24	H8|H5	classA	3	4	0.75	0.38636363636363635	126	17
CCKAR	376	GNAQ	357	8.49	H8	H5	H5.24	Gq11	8.49|H5.24	H8|H5	classA	2	4	0.5	0.38636363636363635	126	17
CCKAR	377	GNAQ	357	8.5	H8	H5	H5.24	Gq11	8.5|H5.24	H8|H5	classA	1	4	0.25	0.38636363636363635	126	17
CCKAR	139	GNAQ	358	3.5	TM3	H5	H5.25	Gq11	3.5|H5.25	TM3|H5	classA	1	4	0.25	0.575	126	24
CCKAR	143	GNAQ	358	3.54	TM3	H5	H5.25	Gq11	3.54|H5.25	TM3|H5	classA	1	4	0.25	0.575	126	24
CCKAR	311	GNAQ	358	6.33	TM6	H5	H5.25	Gq11	6.33|H5.25	TM6|H5	classA	3	4	0.75	0.625	126	23
CCKAR	314	GNAQ	358	6.36	TM6	H5	H5.25	Gq11	6.36|H5.25	TM6|H5	classA	3	4	0.75	0.625	126	23
CCKAR	307	GNAQ	359	6.29	TM6	H5	H5.26	Gq11	6.29|H5.26	TM6|H5	classA	2	4	0.5	0.625	126	23
CCKAR	310	GNAQ	359	6.32	TM6	H5	H5.26	Gq11	6.32|H5.26	TM6|H5	classA	3	4	0.75	0.625	126	23
CCKAR	311	GNAQ	359	6.33	TM6	H5	H5.26	Gq11	6.33|H5.26	TM6|H5	classA	3	4	0.75	0.625	126	23
CCKAR	314	GNAQ	359	6.36	TM6	H5	H5.26	Gq11	6.36|H5.26	TM6|H5	classA	1	4	0.25	0.625	126	23
CCKAR	374	GNAQ	359	8.47	H8	H5	H5.26	Gq11	8.47|H5.26	H8|H5	classA	1	4	0.25	0.38636363636363635	126	17
CCKAR	375	GNAQ	359	8.48	H8	H5	H5.26	Gq11	8.48|H5.26	H8|H5	classA	1	4	0.25	0.38636363636363635	126	17
CHRM1	138	GNA11	28	4.38	TM4	HN	HN.46	Gq11	4.38|HN.46	TM4|HN	classA	2	2	0.5	0.375	12	4
CHRM1	139	GNA11	28	4.39	TM4	HN	HN.46	Gq11	4.39|HN.46	TM4|HN	classA	1	2	0.25	0.375	12	4
CHRM1	140	GNA11	28	4.4	TM4	HN	HN.46	Gq11	4.4|HN.46	TM4|HN	classA	1	2	0.25	0.375	12	4
CHRM1	138	GNA11	37	4.38	TM4	hns1	hns1.2	Gq11	4.38|hns1.2	TM4|hns1	classA	3	3	0.75	0.75	7	4
CHRM1	135	GNA11	38	ICL2.55	ICL2	hns1	hns1.3	Gq11	ICL2.55|hns1.3	ICL2|hns1	classA	3	3	0.75	0.4722222222222222	7	47
CHRM1	131	GNA11	40	ICL2.51	ICL2	S1	S1.2	Gq11	ICL2.51|S1.2	ICL2|S1	classA	2	2	0.5	0.5	1	47
CHRM1	131	GNA11	197	ICL2.51	ICL2	s2s3	s2s3.1	Gq11	ICL2.51|s2s3.1	ICL2|s2s3	classA	1	3	0.25	0.32142857142857145	6	47
CHRM1	132	GNA11	197	ICL2.52	ICL2	s2s3	s2s3.1	Gq11	ICL2.52|s2s3.1	ICL2|s2s3	classA	1	3	0.25	0.32142857142857145	6	47
CHRM1	132	GNA11	198	ICL2.52	ICL2	s2s3	s2s3.2	Gq11	ICL2.52|s2s3.2	ICL2|s2s3	classA	2	3	0.5	0.32142857142857145	6	47
CHRM1	131	GNA11	199	ICL2.51	ICL2	S3	S3.1	Gq11	ICL2.51|S3.1	ICL2|S3	classA	3	3	0.75	0.5	5	47
CHRM1	132	GNA11	199	ICL2.52	ICL2	S3	S3.1	Gq11	ICL2.52|S3.1	ICL2|S3	classA	2	3	0.5	0.5	5	47
CHRM1	135	GNA11	199	ICL2.55	ICL2	S3	S3.1	Gq11	ICL2.55|S3.1	ICL2|S3	classA	1	3	0.25	0.5	5	47
CHRM1	444	GNA11	262	Cterm	Cterm	H3	H3.16	Gq11	Cterm|H3.16	Cterm|H3	classA	1	1	0.25	0.25	1	1
CHRM1	445	GNA11	262	Cterm	Cterm	H3	H3.16	Gq11	Cterm|H3.16	Cterm|H3	classA	1	1	0.25	0.25	1	1
CHRM1	227	GNA11	307	ICL3	ICL3	H4	H4.7	Gq11	ICL3|H4.7	ICL3|H4	classA	1	2	0.25	0.25	3	15
CHRM1	227	GNA11	310	ICL3	ICL3	H4	H4.22	Gq11	ICL3|H4.22	ICL3|H4	classA	1	2	0.25	0.25	3	15
CHRM1	222	GNA11	323	5.72	TM5	h4s6	h4s6.20	Gq11	5.72|h4s6.20	TM5|h4s6	classA	1	2	0.25	0.25	11	28
CHRM1	225	GNA11	323	5.75	TM5	h4s6	h4s6.20	Gq11	5.75|h4s6.20	TM5|h4s6	classA	1	2	0.25	0.25	11	28
CHRM1	226	GNA11	323	ICL3	ICL3	h4s6	h4s6.20	Gq11	ICL3|h4s6.20	ICL3|h4s6	classA	2	2	0.5	0.45	11	15
CHRM1	226	GNA11	324	ICL3	ICL3	S6	S6.1	Gq11	ICL3|S6.1	ICL3|S6	classA	2	2	0.5	0.48214285714285715	7	15
CHRM1	225	GNA11	325	5.75	TM5	S6	S6.2	Gq11	5.75|S6.2	TM5|S6	classA	1	1	0.25	0.25	7	28
CHRM1	226	GNA11	325	ICL3	ICL3	S6	S6.2	Gq11	ICL3|S6.2	ICL3|S6	classA	2	2	0.5	0.48214285714285715	7	15
CHRM1	225	GNA11	326	5.75	TM5	S6	S6.3	Gq11	5.75|S6.3	TM5|S6	classA	1	1	0.25	0.25	7	28
CHRM1	226	GNA11	326	ICL3	ICL3	S6	S6.3	Gq11	ICL3|S6.3	ICL3|S6	classA	2	2	0.5	0.48214285714285715	7	15
CHRM1	227	GNA11	326	ICL3	ICL3	S6	S6.3	Gq11	ICL3|S6.3	ICL3|S6	classA	2	2	0.5	0.48214285714285715	7	15
CHRM1	227	GNA11	327	ICL3	ICL3	S6	S6.4	Gq11	ICL3|S6.4	ICL3|S6	classA	2	2	0.5	0.48214285714285715	7	15
CHRM1	227	GNA11	328	ICL3	ICL3	S6	S6.5	Gq11	ICL3|S6.5	ICL3|S6	classA	1	2	0.25	0.48214285714285715	7	15
CHRM1	225	GNA11	339	5.75	TM5	H5	H5.6	Gq11	5.75|H5.6	TM5|H5	classA	1	3	0.25	0.29	126	28
CHRM1	225	GNA11	342	5.75	TM5	H5	H5.9	Gq11	5.75|H5.9	TM5|H5	classA	1	3	0.25	0.29	126	28
CHRM1	225	GNA11	343	5.75	TM5	H5	H5.10	Gq11	5.75|H5.10	TM5|H5	classA	1	3	0.25	0.29	126	28
CHRM1	131	GNA11	344	ICL2.51	ICL2	H5	H5.11	Gq11	ICL2.51|H5.11	ICL2|H5	classA	2	4	0.5	0.48333333333333334	126	47
CHRM1	130	GNA11	345	ICL2.5	ICL2	H5	H5.12	Gq11	ICL2.5|H5.12	ICL2|H5	classA	3	4	0.75	0.48333333333333334	126	47
CHRM1	131	GNA11	345	ICL2.51	ICL2	H5	H5.12	Gq11	ICL2.51|H5.12	ICL2|H5	classA	2	4	0.5	0.48333333333333334	126	47
CHRM1	218	GNA11	346	5.68	TM5	H5	H5.13	Gq11	5.68|H5.13	TM5|H5	classA	1	3	0.25	0.29	126	28
CHRM1	221	GNA11	346	5.71	TM5	H5	H5.13	Gq11	5.71|H5.13	TM5|H5	classA	1	3	0.25	0.29	126	28
CHRM1	222	GNA11	346	5.72	TM5	H5	H5.13	Gq11	5.72|H5.13	TM5|H5	classA	1	3	0.25	0.29	126	28
CHRM1	225	GNA11	346	5.75	TM5	H5	H5.13	Gq11	5.75|H5.13	TM5|H5	classA	1	3	0.25	0.29	126	28
CHRM1	130	GNA11	348	ICL2.5	ICL2	H5	H5.15	Gq11	ICL2.5|H5.15	ICL2|H5	classA	3	4	0.75	0.48333333333333334	126	47
CHRM1	131	GNA11	348	ICL2.51	ICL2	H5	H5.15	Gq11	ICL2.51|H5.15	ICL2|H5	classA	3	4	0.75	0.48333333333333334	126	47
CHRM1	134	GNA11	348	ICL2.54	ICL2	H5	H5.15	Gq11	ICL2.54|H5.15	ICL2|H5	classA	2	4	0.5	0.48333333333333334	126	47
CHRM1	127	GNA11	349	3.54	TM3	H5	H5.16	Gq11	3.54|H5.16	TM3|H5	classA	3	4	0.75	0.575	126	24
CHRM1	130	GNA11	349	ICL2.5	ICL2	H5	H5.16	Gq11	ICL2.5|H5.16	ICL2|H5	classA	2	4	0.5	0.48333333333333334	126	47
CHRM1	218	GNA11	349	5.68	TM5	H5	H5.16	Gq11	5.68|H5.16	TM5|H5	classA	1	3	0.25	0.29	126	28
CHRM1	123	GNA11	352	3.5	TM3	H5	H5.19	Gq11	3.5|H5.19	TM3|H5	classA	3	4	0.75	0.575	126	24
CHRM1	126	GNA11	352	3.53	TM3	H5	H5.19	Gq11	3.53|H5.19	TM3|H5	classA	4	4	1.0	0.575	126	24
CHRM1	127	GNA11	352	3.54	TM3	H5	H5.19	Gq11	3.54|H5.19	TM3|H5	classA	4	4	1.0	0.575	126	24
CHRM1	130	GNA11	352	ICL2.5	ICL2	H5	H5.19	Gq11	ICL2.5|H5.19	ICL2|H5	classA	2	4	0.5	0.48333333333333334	126	47
CHRM1	127	GNA11	353	3.54	TM3	H5	H5.20	Gq11	3.54|H5.20	TM3|H5	classA	3	4	0.75	0.575	126	24
CHRM1	215	GNA11	353	5.65	TM5	H5	H5.20	Gq11	5.65|H5.20	TM5|H5	classA	2	3	0.5	0.29	126	28
CHRM1	218	GNA11	353	5.68	TM5	H5	H5.20	Gq11	5.68|H5.20	TM5|H5	classA	1	3	0.25	0.29	126	28
CHRM1	363	GNA11	353	6.33	TM6	H5	H5.20	Gq11	6.33|H5.20	TM6|H5	classA	4	4	1.0	0.625	126	23
CHRM1	423	GNA11	354	8.48	H8	H5	H5.21	Gq11	8.48|H5.21	H8|H5	classA	1	4	0.25	0.38636363636363635	126	17
CHRM1	60	GNA11	355	2.39	TM2	H5	H5.22	Gq11	2.39|H5.22	TM2|H5	classA	2	3	0.5	0.2857142857142857	126	13
CHRM1	421	GNA11	355	7.56	TM7	H5	H5.22	Gq11	7.56|H5.22	TM7|H5	classA	1	4	0.25	0.4318181818181818	126	8
CHRM1	422	GNA11	355	8.47	H8	H5	H5.22	Gq11	8.47|H5.22	H8|H5	classA	2	4	0.5	0.38636363636363635	126	17
CHRM1	123	GNA11	356	3.5	TM3	H5	H5.23	Gq11	3.5|H5.23	TM3|H5	classA	3	4	0.75	0.575	126	24
CHRM1	127	GNA11	356	3.54	TM3	H5	H5.23	Gq11	3.54|H5.23	TM3|H5	classA	2	4	0.5	0.575	126	24
CHRM1	366	GNA11	356	6.36	TM6	H5	H5.23	Gq11	6.36|H5.23	TM6|H5	classA	2	4	0.5	0.625	126	23
CHRM1	421	GNA11	356	7.56	TM7	H5	H5.23	Gq11	7.56|H5.23	TM7|H5	classA	2	4	0.5	0.4318181818181818	126	8
CHRM1	422	GNA11	356	8.47	H8	H5	H5.23	Gq11	8.47|H5.23	H8|H5	classA	2	4	0.5	0.38636363636363635	126	17
CHRM1	362	GNA11	357	6.32	TM6	H5	H5.24	Gq11	6.32|H5.24	TM6|H5	classA	2	4	0.5	0.625	126	23
CHRM1	366	GNA11	357	6.36	TM6	H5	H5.24	Gq11	6.36|H5.24	TM6|H5	classA	2	4	0.5	0.625	126	23
CHRM1	421	GNA11	357	7.56	TM7	H5	H5.24	Gq11	7.56|H5.24	TM7|H5	classA	3	4	0.75	0.4318181818181818	126	8
CHRM1	422	GNA11	357	8.47	H8	H5	H5.24	Gq11	8.47|H5.24	H8|H5	classA	3	4	0.75	0.38636363636363635	126	17
CHRM1	423	GNA11	357	8.48	H8	H5	H5.24	Gq11	8.48|H5.24	H8|H5	classA	1	4	0.25	0.38636363636363635	126	17
CHRM1	211	GNA11	358	5.61	TM5	H5	H5.25	Gq11	5.61|H5.25	TM5|H5	classA	1	3	0.25	0.29	126	28
CHRM1	212	GNA11	358	5.62	TM5	H5	H5.25	Gq11	5.62|H5.25	TM5|H5	classA	1	3	0.25	0.29	126	28
CHRM1	215	GNA11	358	5.65	TM5	H5	H5.25	Gq11	5.65|H5.25	TM5|H5	classA	2	3	0.5	0.29	126	28
CHRM1	362	GNA11	358	6.32	TM6	H5	H5.25	Gq11	6.32|H5.25	TM6|H5	classA	2	4	0.5	0.625	126	23
CHRM1	363	GNA11	358	6.33	TM6	H5	H5.25	Gq11	6.33|H5.25	TM6|H5	classA	3	4	0.75	0.625	126	23
CHRM1	366	GNA11	358	6.36	TM6	H5	H5.25	Gq11	6.36|H5.25	TM6|H5	classA	3	4	0.75	0.625	126	23
CHRM1	367	GNA11	358	6.37	TM6	H5	H5.25	Gq11	6.37|H5.25	TM6|H5	classA	2	4	0.5	0.625	126	23
CHRM1	421	GNA11	358	7.56	TM7	H5	H5.25	Gq11	7.56|H5.25	TM7|H5	classA	1	4	0.25	0.4318181818181818	126	8
CHRM1	215	GNA11	359	5.65	TM5	H5	H5.26	Gq11	5.65|H5.26	TM5|H5	classA	1	3	0.25	0.29	126	28
CHRM1	362	GNA11	359	6.32	TM6	H5	H5.26	Gq11	6.32|H5.26	TM6|H5	classA	3	4	0.75	0.625	126	23
CHRM1	363	GNA11	359	6.33	TM6	H5	H5.26	Gq11	6.33|H5.26	TM6|H5	classA	3	4	0.75	0.625	126	23
HRH1	125	GNAQ	356	3.5	TM3	H5	H5.23	Gq11	3.5|H5.23	TM3|H5	classA	3	4	0.75	0.575	126	24
HRH1	128	GNAQ	352	3.53	TM3	H5	H5.19	Gq11	3.53|H5.19	TM3|H5	classA	4	4	1.0	0.575	126	24
HRH1	128	GNAQ	356	3.53	TM3	H5	H5.23	Gq11	3.53|H5.23	TM3|H5	classA	2	4	0.5	0.575	126	24
HRH1	129	GNAQ	349	3.54	TM3	H5	H5.16	Gq11	3.54|H5.16	TM3|H5	classA	3	4	0.75	0.575	126	24
HRH1	129	GNAQ	352	3.54	TM3	H5	H5.19	Gq11	3.54|H5.19	TM3|H5	classA	4	4	1.0	0.575	126	24
HRH1	129	GNAQ	353	3.54	TM3	H5	H5.20	Gq11	3.54|H5.20	TM3|H5	classA	3	4	0.75	0.575	126	24
HRH1	132	GNAQ	197	ICL2.5	ICL2	s2s3	s2s3.1	Gq11	ICL2.5|s2s3.1	ICL2|s2s3	classA	1	3	0.25	0.32142857142857145	6	47
HRH1	132	GNAQ	199	ICL2.5	ICL2	S3	S3.1	Gq11	ICL2.5|S3.1	ICL2|S3	classA	1	3	0.25	0.5	5	47
HRH1	132	GNAQ	341	ICL2.5	ICL2	H5	H5.8	Gq11	ICL2.5|H5.8	ICL2|H5	classA	1	4	0.25	0.48333333333333334	126	47
HRH1	132	GNAQ	344	ICL2.5	ICL2	H5	H5.11	Gq11	ICL2.5|H5.11	ICL2|H5	classA	1	4	0.25	0.48333333333333334	126	47
HRH1	132	GNAQ	345	ICL2.5	ICL2	H5	H5.12	Gq11	ICL2.5|H5.12	ICL2|H5	classA	3	4	0.75	0.48333333333333334	126	47
HRH1	132	GNAQ	348	ICL2.5	ICL2	H5	H5.15	Gq11	ICL2.5|H5.15	ICL2|H5	classA	3	4	0.75	0.48333333333333334	126	47
HRH1	133	GNAQ	38	ICL2.51	ICL2	hns1	hns1.3	Gq11	ICL2.51|hns1.3	ICL2|hns1	classA	1	3	0.25	0.4722222222222222	7	47
HRH1	133	GNAQ	199	ICL2.51	ICL2	S3	S3.1	Gq11	ICL2.51|S3.1	ICL2|S3	classA	3	3	0.75	0.5	5	47
HRH1	133	GNAQ	348	ICL2.51	ICL2	H5	H5.15	Gq11	ICL2.51|H5.15	ICL2|H5	classA	3	4	0.75	0.48333333333333334	126	47
HRH1	135	GNAQ	38	ICL2.53	ICL2	hns1	hns1.3	Gq11	ICL2.53|hns1.3	ICL2|hns1	classA	1	3	0.25	0.4722222222222222	7	47
HRH1	135	GNAQ	198	ICL2.53	ICL2	s2s3	s2s3.2	Gq11	ICL2.53|s2s3.2	ICL2|s2s3	classA	1	3	0.25	0.32142857142857145	6	47
HRH1	135	GNAQ	199	ICL2.53	ICL2	S3	S3.1	Gq11	ICL2.53|S3.1	ICL2|S3	classA	1	3	0.25	0.5	5	47
HRH1	136	GNAQ	38	ICL2.54	ICL2	hns1	hns1.3	Gq11	ICL2.54|hns1.3	ICL2|hns1	classA	2	3	0.5	0.4722222222222222	7	47
HRH1	136	GNAQ	198	ICL2.54	ICL2	s2s3	s2s3.2	Gq11	ICL2.54|s2s3.2	ICL2|s2s3	classA	1	3	0.25	0.32142857142857145	6	47
HRH1	137	GNAQ	28	ICL2.55	ICL2	HN	HN.46	Gq11	ICL2.55|HN.46	ICL2|HN	classA	2	2	0.5	0.3	12	47
HRH1	137	GNAQ	37	ICL2.55	ICL2	hns1	hns1.2	Gq11	ICL2.55|hns1.2	ICL2|hns1	classA	1	3	0.25	0.4722222222222222	7	47
HRH1	137	GNAQ	38	ICL2.55	ICL2	hns1	hns1.3	Gq11	ICL2.55|hns1.3	ICL2|hns1	classA	3	3	0.75	0.4722222222222222	7	47
HRH1	140	GNAQ	37	4.38	TM4	hns1	hns1.2	Gq11	4.38|hns1.2	TM4|hns1	classA	3	3	0.75	0.75	7	4
HRH1	216	GNAQ	349	5.64	TM5	H5	H5.16	Gq11	5.64|H5.16	TM5|H5	classA	1	3	0.25	0.29	126	28
HRH1	217	GNAQ	353	5.65	TM5	H5	H5.20	Gq11	5.65|H5.20	TM5|H5	classA	2	3	0.5	0.29	126	28
HRH1	217	GNAQ	358	5.65	TM5	H5	H5.25	Gq11	5.65|H5.25	TM5|H5	classA	2	3	0.5	0.29	126	28
HRH1	219	GNAQ	346	5.67	TM5	H5	H5.13	Gq11	5.67|H5.13	TM5|H5	classA	1	3	0.25	0.29	126	28
HRH1	221	GNAQ	323	5.69	TM5	h4s6	h4s6.20	Gq11	5.69|h4s6.20	TM5|h4s6	classA	1	2	0.25	0.25	11	28
HRH1	221	GNAQ	346	5.69	TM5	H5	H5.13	Gq11	5.69|H5.13	TM5|H5	classA	1	3	0.25	0.29	126	28
HRH1	405	GNAQ	321	6.25	TM6	h4s6	h4s6.12	Gq11	6.25|h4s6.12	TM6|h4s6	classA	2	2	0.5	0.32142857142857145	11	23
HRH1	405	GNAQ	359	6.25	TM6	H5	H5.26	Gq11	6.25|H5.26	TM6|H5	classA	1	4	0.25	0.625	126	23
HRH1	409	GNAQ	353	6.29	TM6	H5	H5.20	Gq11	6.29|H5.20	TM6|H5	classA	3	4	0.75	0.625	126	23
HRH1	409	GNAQ	358	6.29	TM6	H5	H5.25	Gq11	6.29|H5.25	TM6|H5	classA	1	4	0.25	0.625	126	23
HRH1	409	GNAQ	359	6.29	TM6	H5	H5.26	Gq11	6.29|H5.26	TM6|H5	classA	2	4	0.5	0.625	126	23
HRH1	412	GNAQ	357	6.32	TM6	H5	H5.24	Gq11	6.32|H5.24	TM6|H5	classA	2	4	0.5	0.625	126	23
HRH1	412	GNAQ	358	6.32	TM6	H5	H5.25	Gq11	6.32|H5.25	TM6|H5	classA	2	4	0.5	0.625	126	23
HRH1	412	GNAQ	359	6.32	TM6	H5	H5.26	Gq11	6.32|H5.26	TM6|H5	classA	3	4	0.75	0.625	126	23
HRH1	413	GNAQ	353	6.33	TM6	H5	H5.20	Gq11	6.33|H5.20	TM6|H5	classA	4	4	1.0	0.625	126	23
HRH1	413	GNAQ	358	6.33	TM6	H5	H5.25	Gq11	6.33|H5.25	TM6|H5	classA	3	4	0.75	0.625	126	23
HRH1	413	GNAQ	359	6.33	TM6	H5	H5.26	Gq11	6.33|H5.26	TM6|H5	classA	3	4	0.75	0.625	126	23
HRH1	416	GNAQ	356	6.36	TM6	H5	H5.23	Gq11	6.36|H5.23	TM6|H5	classA	2	4	0.5	0.625	126	23
HRH1	416	GNAQ	357	6.36	TM6	H5	H5.24	Gq11	6.36|H5.24	TM6|H5	classA	2	4	0.5	0.625	126	23
HRH1	416	GNAQ	358	6.36	TM6	H5	H5.25	Gq11	6.36|H5.25	TM6|H5	classA	3	4	0.75	0.625	126	23
HRH1	417	GNAQ	358	6.37	TM6	H5	H5.25	Gq11	6.37|H5.25	TM6|H5	classA	2	4	0.5	0.625	126	23
HRH1	471	GNAQ	356	7.56	TM7	H5	H5.23	Gq11	7.56|H5.23	TM7|H5	classA	2	4	0.5	0.4318181818181818	126	8
HRH1	471	GNAQ	357	7.56	TM7	H5	H5.24	Gq11	7.56|H5.24	TM7|H5	classA	3	4	0.75	0.4318181818181818	126	8
HRH1	472	GNAQ	355	8.47	H8	H5	H5.22	Gq11	8.47|H5.22	H8|H5	classA	2	4	0.5	0.38636363636363635	126	17
HRH1	472	GNAQ	356	8.47	H8	H5	H5.23	Gq11	8.47|H5.23	H8|H5	classA	2	4	0.5	0.38636363636363635	126	17
HRH1	472	GNAQ	357	8.47	H8	H5	H5.24	Gq11	8.47|H5.24	H8|H5	classA	3	4	0.75	0.38636363636363635	126	17
HRH1	474	GNAQ	357	8.49	H8	H5	H5.24	Gq11	8.49|H5.24	H8|H5	classA	2	4	0.5	0.38636363636363635	126	17
CCKBR	163	GNAQ	28	ICL2.54	ICL2	HN	HN.46	Gq11	ICL2.54|HN.46	ICL2|HN	classA	1	2	0.25	0.3	12	47
CCKBR	164	GNAQ	28	ICL2.55	ICL2	HN	HN.46	Gq11	ICL2.55|HN.46	ICL2|HN	classA	2	2	0.5	0.3	12	47
CCKBR	165	GNAQ	28	ICL2.56	ICL2	HN	HN.46	Gq11	ICL2.56|HN.46	ICL2|HN	classA	1	2	0.25	0.3	12	47
CCKBR	167	GNAQ	28	4.38	TM4	HN	HN.46	Gq11	4.38|HN.46	TM4|HN	classA	2	2	0.5	0.375	12	4
CCKBR	164	GNAQ	29	ICL2.55	ICL2	HN	HN.47	Gq11	ICL2.55|HN.47	ICL2|HN	classA	1	2	0.25	0.3	12	47
CCKBR	163	GNAQ	31	ICL2.54	ICL2	HN	HN.49	Gq11	ICL2.54|HN.49	ICL2|HN	classA	1	2	0.25	0.3	12	47
CCKBR	164	GNAQ	31	ICL2.55	ICL2	HN	HN.49	Gq11	ICL2.55|HN.49	ICL2|HN	classA	1	2	0.25	0.3	12	47
CCKBR	160	GNAQ	32	ICL2.51	ICL2	HN	HN.50	Gq11	ICL2.51|HN.50	ICL2|HN	classA	1	2	0.25	0.3	12	47
CCKBR	163	GNAQ	32	ICL2.54	ICL2	HN	HN.50	Gq11	ICL2.54|HN.50	ICL2|HN	classA	1	2	0.25	0.3	12	47
CCKBR	164	GNAQ	32	ICL2.55	ICL2	HN	HN.50	Gq11	ICL2.55|HN.50	ICL2|HN	classA	1	2	0.25	0.3	12	47
CCKBR	160	GNAQ	193	ICL2.51	ICL2	S2	S2.5	Gq11	ICL2.51|S2.5	ICL2|S2	classA	1	1	0.25	0.25	1	47
CCKBR	159	GNAQ	339	ICL2.5	ICL2	H5	H5.6	Gq11	ICL2.5|H5.6	ICL2|H5	classA	1	4	0.25	0.48333333333333334	126	47
CCKBR	160	GNAQ	339	ICL2.51	ICL2	H5	H5.6	Gq11	ICL2.51|H5.6	ICL2|H5	classA	1	4	0.25	0.48333333333333334	126	47
CCKBR	248	GNAQ	340	5.68	TM5	H5	H5.7	Gq11	5.68|H5.7	TM5|H5	classA	1	3	0.25	0.29	126	28
CCKBR	249	GNAQ	340	5.69	TM5	H5	H5.7	Gq11	5.69|H5.7	TM5|H5	classA	1	3	0.25	0.29	126	28
CCKBR	159	GNAQ	342	ICL2.5	ICL2	H5	H5.9	Gq11	ICL2.5|H5.9	ICL2|H5	classA	1	4	0.25	0.48333333333333334	126	47
CCKBR	160	GNAQ	342	ICL2.51	ICL2	H5	H5.9	Gq11	ICL2.51|H5.9	ICL2|H5	classA	1	4	0.25	0.48333333333333334	126	47
CCKBR	163	GNAQ	342	ICL2.54	ICL2	H5	H5.9	Gq11	ICL2.54|H5.9	ICL2|H5	classA	1	4	0.25	0.48333333333333334	126	47
CCKBR	156	GNAQ	343	3.54	TM3	H5	H5.10	Gq11	3.54|H5.10	TM3|H5	classA	1	4	0.25	0.575	126	24
CCKBR	159	GNAQ	343	ICL2.5	ICL2	H5	H5.10	Gq11	ICL2.5|H5.10	ICL2|H5	classA	1	4	0.25	0.48333333333333334	126	47
CCKBR	244	GNAQ	343	5.64	TM5	H5	H5.10	Gq11	5.64|H5.10	TM5|H5	classA	1	3	0.25	0.29	126	28
CCKBR	245	GNAQ	343	5.65	TM5	H5	H5.10	Gq11	5.65|H5.10	TM5|H5	classA	1	3	0.25	0.29	126	28
CCKBR	248	GNAQ	343	5.68	TM5	H5	H5.10	Gq11	5.68|H5.10	TM5|H5	classA	1	3	0.25	0.29	126	28
CCKBR	152	GNAQ	346	3.5	TM3	H5	H5.13	Gq11	3.5|H5.13	TM3|H5	classA	1	4	0.25	0.575	126	24
CCKBR	155	GNAQ	346	3.53	TM3	H5	H5.13	Gq11	3.53|H5.13	TM3|H5	classA	1	4	0.25	0.575	126	24
CCKBR	156	GNAQ	346	3.54	TM3	H5	H5.13	Gq11	3.54|H5.13	TM3|H5	classA	1	4	0.25	0.575	126	24
CCKBR	159	GNAQ	346	ICL2.5	ICL2	H5	H5.13	Gq11	ICL2.5|H5.13	ICL2|H5	classA	1	4	0.25	0.48333333333333334	126	47
CCKBR	162	GNAQ	346	ICL2.53	ICL2	H5	H5.13	Gq11	ICL2.53|H5.13	ICL2|H5	classA	1	4	0.25	0.48333333333333334	126	47
CCKBR	156	GNAQ	347	3.54	TM3	H5	H5.14	Gq11	3.54|H5.14	TM3|H5	classA	1	4	0.25	0.575	126	24
CCKBR	331	GNAQ	347	6.33	TM6	H5	H5.14	Gq11	6.33|H5.14	TM6|H5	classA	1	4	0.25	0.625	126	23
CCKBR	396	GNAQ	348	8.49	H8	H5	H5.15	Gq11	8.49|H5.15	H8|H5	classA	1	4	0.25	0.38636363636363635	126	17
CCKBR	87	GNAQ	349	2.37	TM2	H5	H5.16	Gq11	2.37|H5.16	TM2|H5	classA	1	3	0.25	0.2857142857142857	126	13
CCKBR	89	GNAQ	349	2.39	TM2	H5	H5.16	Gq11	2.39|H5.16	TM2|H5	classA	1	3	0.25	0.2857142857142857	126	13
CCKBR	87	GNAQ	350	2.37	TM2	H5	H5.17	Gq11	2.37|H5.17	TM2|H5	classA	1	3	0.25	0.2857142857142857	126	13
CCKBR	88	GNAQ	350	2.38	TM2	H5	H5.17	Gq11	2.38|H5.17	TM2|H5	classA	1	3	0.25	0.2857142857142857	126	13
CCKBR	89	GNAQ	350	2.39	TM2	H5	H5.17	Gq11	2.39|H5.17	TM2|H5	classA	1	3	0.25	0.2857142857142857	126	13
CCKBR	151	GNAQ	350	3.49	TM3	H5	H5.17	Gq11	3.49|H5.17	TM3|H5	classA	1	4	0.25	0.575	126	24
CCKBR	152	GNAQ	350	3.5	TM3	H5	H5.17	Gq11	3.5|H5.17	TM3|H5	classA	1	4	0.25	0.575	126	24
CCKBR	155	GNAQ	350	3.53	TM3	H5	H5.17	Gq11	3.53|H5.17	TM3|H5	classA	1	4	0.25	0.575	126	24
CCKBR	89	GNAQ	351	2.39	TM2	H5	H5.18	Gq11	2.39|H5.18	TM2|H5	classA	1	3	0.25	0.2857142857142857	126	13
CCKBR	390	GNAQ	351	7.53	TM7	H5	H5.18	Gq11	7.53|H5.18	TM7|H5	classA	1	4	0.25	0.4318181818181818	126	8
CCKBR	391	GNAQ	351	7.54	TM7	H5	H5.18	Gq11	7.54|H5.18	TM7|H5	classA	1	4	0.25	0.4318181818181818	126	8
CCKBR	394	GNAQ	351	8.47	H8	H5	H5.18	Gq11	8.47|H5.18	H8|H5	classA	1	4	0.25	0.38636363636363635	126	17
CCKBR	396	GNAQ	351	8.49	H8	H5	H5.18	Gq11	8.49|H5.18	H8|H5	classA	1	4	0.25	0.38636363636363635	126	17
CCKBR	397	GNAQ	351	8.5	H8	H5	H5.18	Gq11	8.5|H5.18	H8|H5	classA	1	4	0.25	0.38636363636363635	126	17
CCKBR	152	GNAQ	352	3.5	TM3	H5	H5.19	Gq11	3.5|H5.19	TM3|H5	classA	3	4	0.75	0.575	126	24
CCKBR	155	GNAQ	352	3.53	TM3	H5	H5.19	Gq11	3.53|H5.19	TM3|H5	classA	4	4	1.0	0.575	126	24
CCKBR	156	GNAQ	352	3.54	TM3	H5	H5.19	Gq11	3.54|H5.19	TM3|H5	classA	4	4	1.0	0.575	126	24
CCKBR	241	GNAQ	352	5.61	TM5	H5	H5.19	Gq11	5.61|H5.19	TM5|H5	classA	1	3	0.25	0.29	126	28
CCKBR	331	GNAQ	352	6.33	TM6	H5	H5.19	Gq11	6.33|H5.19	TM6|H5	classA	1	4	0.25	0.625	126	23
CCKBR	327	GNAQ	353	6.29	TM6	H5	H5.20	Gq11	6.29|H5.20	TM6|H5	classA	3	4	0.75	0.625	126	23
CCKBR	331	GNAQ	353	6.33	TM6	H5	H5.20	Gq11	6.33|H5.20	TM6|H5	classA	4	4	1.0	0.625	126	23
CCKBR	394	GNAQ	353	8.47	H8	H5	H5.20	Gq11	8.47|H5.20	H8|H5	classA	1	4	0.25	0.38636363636363635	126	17
CCKBR	395	GNAQ	353	8.48	H8	H5	H5.20	Gq11	8.48|H5.20	H8|H5	classA	1	4	0.25	0.38636363636363635	126	17
CCKBR	396	GNAQ	353	8.49	H8	H5	H5.20	Gq11	8.49|H5.20	H8|H5	classA	1	4	0.25	0.38636363636363635	126	17
